farm_id,region,crop_type,soil_moisture_%,soil_pH,temperature_C,rainfall_mm,humidity_%,sunlight_hours,irrigation_type,fertilizer_type,pesticide_usage_ml,sowing_date,harvest_date,total_days,yield_kg_per_hectare,sensor_id,timestamp,latitude,longitude,NDVI_index,crop_disease_status
FARM0001,North India,Wheat,35_95,5_99,17_79,75_62,77_03,7_27,None,Organic,6_34,2024-01-08,2024-05-09,122,4408_07,SENS0001,2024-03-19,14_970941,82_997689,0_63,Mild
FARM0002,South USA,Soybean,19_74,7_24,30_18,89_91,61_13,5_67,Sprinkler,Inorganic,9_6,2024-02-04,2024-05-26,112,5389_98,SENS0002,2024-04-21,16_613022,70_869009,0_58,None
FARM0003,South USA,Wheat,29_32,7_16,27_37,265_43,68_87,8_23,Drip,Mixed,15_26,2024-02-03,2024-06-26,144,2931_16,SENS0003,2024-02-28,19_503156,79_068206,0_8,Mild
FARM0004,Central USA,Maize,17_33,6_03,33_73,212_01,70_46,5_03,Sprinkler,Organic,25_8,2024-02-21,2024-07-04,134,4227_8,SENS0004,2024-05-14,31_071298,85_519998,0_44,None
FARM0005,Central USA,Cotton,19_37,5_92,33_86,269_09,55_73,7_93,None,Mixed,25_65,2024-02-05,2024-05-20,105,4979_96,SENS0005,2024-04-13,16_56854,81_69172,0_84,Severe
FARM0006,Central USA,Rice,44_91,5_78,24_87,238_95,83_06,4_92,Sprinkler,Mixed,24_0,2024-01-13,2024-05-06,114,4383_55,SENS0006,2024-03-12,23_227859,89_421568,0_82,None
FARM0007,North India,Soybean,36_28,7_04,21_8,123_38,47_91,4_02,Manual,Mixed,39_29,2024-03-04,2024-07-27,145,4501_2,SENS0007,2024-07-11,25_224255,73_056785,0_76,None
FARM0008,East Africa,Maize,27_1,5_72,22_26,296_33,80_34,5_44,Sprinkler,Mixed,47_61,2024-01-24,2024-05-24,121,5264_09,SENS0008,2024-04-30,23_317654,72_51521,0_7,Mild
FARM0009,Central USA,Soybean,40_54,6_35,19_24,184_82,76_5,5_21,Manual,Inorganic,49_78,2024-03-12,2024-07-08,118,5598_46,SENS0009,2024-05-08,13_025105,74_493947,0_5,Mild
FARM0010,East Africa,Rice,10_25,6_92,16_18,66_85,41_57,5_98,Sprinkler,Inorganic,35_1,2024-01-18,2024-04-25,98,4893_41,SENS0010,2024-03-31,24_405291,74_859945,0_58,Severe
FARM0011,South India,Wheat,13_39,6_36,23_47,166_76,76_45,8_04,Drip,Organic,23_12,2024-02-26,2024-07-20,145,2437_08,SENS0011,2024-04-15,14_755223,78_972271,0_55,Moderate
FARM0012,South USA,Rice,40_61,5_65,31_16,263_99,44_9,7_91,Drip,Organic,46_69,2024-01-06,2024-05-01,116,3942_56,SENS0012,2024-02-02,31_61626,88_048857,0_4,None
FARM0013,South USA,Maize,42_43,7_07,20_7,224_15,76_53,8_7,None,Organic,13_55,2024-01-02,2024-05-08,127,4942_95,SENS0013,2024-01-17,28_699389,71_143305,0_65,Mild
FARM0014,North India,Soybean,12_8,5_87,26_9,218_8,51_76,4_72,Sprinkler,Mixed,31_75,2024-03-03,2024-06-27,116,4629_49,SENS0014,2024-05-14,23_069568,88_694125,0_42,Moderate
FARM0015,South India,Maize,23_85,6_84,21_0,129_04,77_59,4_44,None,Mixed,49_93,2024-01-03,2024-05-06,124,2852_62,SENS0015,2024-02-05,13_311414,76_980177,0_34,Mild
FARM0016,Central USA,Maize,15_52,7_17,29_07,202_92,89_36,7_92,Drip,Mixed,41_77,2024-02-22,2024-05-28,96,5755_72,SENS0016,2024-03-10,16_611648,87_794254,0_75,Mild
FARM0017,Central USA,Maize,31_17,6_94,19_07,208_56,53_2,6_93,Drip,Organic,33_54,2024-02-02,2024-05-02,90,3334_23,SENS0017,2024-02-18,25_927834,75_239105,0_74,Severe
FARM0018,East Africa,Wheat,13_92,7_39,28_82,87_26,41_8,6_22,Sprinkler,Inorganic,10_74,2024-02-12,2024-07-08,147,5732_35,SENS0018,2024-02-22,32_473116,74_201531,0_45,None
FARM0019,Central USA,Soybean,40_94,6_31,27_41,88_64,86_49,9_19,Sprinkler,Inorganic,6_12,2024-03-11,2024-07-29,140,5723_26,SENS0019,2024-05-13,16_670143,85_74749,0_36,None
FARM0020,South USA,Rice,16_99,7_34,21_99,255_13,83_57,5_34,Sprinkler,Inorganic,19_77,2024-01-25,2024-05-11,107,3404_58,SENS0020,2024-03-30,19_99196,89_622994,0_62,None
FARM0021,North India,Maize,16_25,7_43,20_31,77_1,61_73,8_37,Manual,Inorganic,32_28,2024-03-04,2024-06-26,114,5598_02,SENS0021,2024-03-28,16_368063,84_175706,0_3,Mild
FARM0022,Central USA,Cotton,12_45,6_83,21_6,128_48,82_4,8_32,Manual,Mixed,18_92,2024-02-11,2024-06-05,115,4788_83,SENS0022,2024-04-21,13_182195,78_408927,0_86,Mild
FARM0023,East Africa,Soybean,20_53,6_6,15_01,121_73,61_49,7_48,Manual,Inorganic,24_88,2024-03-07,2024-07-07,122,3892_74,SENS0023,2024-06-30,33_9958,84_719229,0_7,Moderate
FARM0024,East Africa,Soybean,21_73,7_14,30_02,218_2,51_23,5_19,Drip,Organic,16_02,2024-02-20,2024-07-13,144,5073_96,SENS0024,2024-06-15,20_361025,82_595308,0_42,Severe
FARM0025,South USA,Cotton,18_54,6_81,15_11,237_74,78_5,4_64,None,Organic,12_91,2024-03-17,2024-07-14,119,2200_87,SENS0025,2024-04-17,32_93675,72_427172,0_38,Severe
FARM0026,East Africa,Soybean,30_84,7_4,32_83,203_16,75_96,7_03,None,Organic,38_46,2024-02-15,2024-05-31,106,5007_11,SENS0026,2024-05-06,16_932784,85_553497,0_59,Mild
FARM0027,Central USA,Cotton,12_71,6_07,20_43,129_93,67_01,4_83,Sprinkler,Inorganic,36_23,2024-03-07,2024-06-09,94,3659_47,SENS0027,2024-04-18,23_565279,78_315485,0_42,Severe
FARM0028,South USA,Soybean,43_11,5_54,32_61,193_92,63_85,9_66,Manual,Inorganic,43_41,2024-02-18,2024-07-04,137,4938_54,SENS0028,2024-04-14,22_205737,75_458706,0_59,Severe
FARM0029,Central USA,Cotton,35_35,7_18,33_39,295_18,66_71,9_44,Drip,Organic,33_92,2024-01-28,2024-05-26,119,2726_92,SENS0029,2024-03-01,19_477597,74_233206,0_5,Severe
FARM0030,Central USA,Cotton,18_83,5_66,15_39,184_85,90_0,6_1,Drip,Mixed,6_81,2024-01-08,2024-04-19,102,5356_92,SENS0030,2024-03-27,13_809559,72_524419,0_7,Mild
FARM0031,South USA,Maize,36_84,5_84,27_14,236_98,45_73,8_92,Manual,Organic,31_04,2024-02-19,2024-07-01,133,5632_1,SENS0031,2024-05-25,19_916361,84_300294,0_35,Mild
FARM0032,North India,Maize,39_76,6_7,17_42,295_96,79_13,6_08,None,Mixed,21_68,2024-03-21,2024-07-10,111,2050_61,SENS0032,2024-05-13,30_558273,72_110777,0_88,Severe
FARM0033,South India,Cotton,16_16,6_54,28_01,203_98,85_98,8_65,None,Inorganic,42_16,2024-03-09,2024-06-27,110,5406_85,SENS0033,2024-06-23,33_365547,75_578565,0_57,Severe
FARM0034,East Africa,Soybean,33_39,6_17,24_89,131_25,64_38,6_13,Manual,Inorganic,17_58,2024-03-23,2024-08-16,146,3105_07,SENS0034,2024-03-25,22_915681,73_821128,0_44,Severe
FARM0035,South USA,Soybean,36_54,6_88,27_92,172_71,79_65,4_56,Sprinkler,Inorganic,36_13,2024-02-22,2024-06-28,127,3476_08,SENS0035,2024-05-20,20_637595,84_918709,0_5,Severe
FARM0036,Central USA,Maize,18_8,5_74,18_85,79_89,66_79,8_57,Sprinkler,Organic,14_74,2024-02-09,2024-06-24,136,4358_35,SENS0036,2024-06-22,24_919769,89_610213,0_8,Moderate
FARM0037,South India,Maize,16_28,5_53,25_68,118_58,88_71,7_32,Sprinkler,Mixed,44_08,2024-02-04,2024-06-28,145,2049_06,SENS0037,2024-04-16,21_734924,78_809376,0_41,None
FARM0038,Central USA,Cotton,13_99,5_63,24_83,194_26,74_32,4_91,Manual,Organic,49_73,2024-01-18,2024-06-04,138,3664_7,SENS0038,2024-03-15,29_392338,77_607561,0_85,Moderate
FARM0039,East Africa,Cotton,20_69,6_74,27_19,235_02,87_38,5_25,Sprinkler,Inorganic,34_72,2024-01-08,2024-04-18,101,4207_97,SENS0039,2024-01-28,10_066893,79_010074,0_66,Moderate
FARM0040,North India,Rice,20_08,6_07,32_19,67_79,51_67,5_59,Sprinkler,Inorganic,10_16,2024-01-21,2024-04-29,99,5633_65,SENS0040,2024-02-08,11_785246,73_318456,0_48,Moderate
FARM0041,South USA,Wheat,26_4,6_11,23_05,118_06,67_0,6_63,Drip,Inorganic,38_05,2024-03-09,2024-06-08,91,2365_31,SENS0041,2024-06-03,30_898965,81_503982,0_87,Moderate
FARM0042,East Africa,Wheat,36_71,5_85,25_38,160_56,53_91,9_98,None,Mixed,41_64,2024-01-16,2024-05-07,112,3633_39,SENS0042,2024-02-26,26_753338,87_154662,0_5,Severe
FARM0043,Central USA,Cotton,38_47,6_6,24_1,128_63,56_16,9_82,None,Mixed,42_12,2024-01-22,2024-06-15,145,4170_37,SENS0043,2024-05-06,11_355102,80_368788,0_67,Severe
FARM0044,South USA,Wheat,17_12,6_6,33_55,159_53,74_91,4_73,Sprinkler,Mixed,12_13,2024-03-01,2024-07-04,125,3631_96,SENS0044,2024-03-29,34_806428,88_258598,0_58,None
FARM0045,South India,Cotton,42_64,6_08,29_11,153_87,64_12,6_83,None,Mixed,11_51,2024-01-20,2024-05-21,122,4985_17,SENS0045,2024-02-06,31_600673,75_524948,0_77,Severe
FARM0046,Central USA,Soybean,19_35,5_51,29_52,259_37,69_0,7_96,Sprinkler,Inorganic,29_24,2024-02-11,2024-06-15,125,5051_49,SENS0046,2024-03-30,21_383615,76_435547,0_41,Mild
FARM0047,East Africa,Cotton,18_17,7_05,15_87,236_18,75_26,8_87,None,Mixed,40_66,2024-03-05,2024-07-04,121,5859_3,SENS0047,2024-03-21,22_557279,81_803609,0_82,Severe
FARM0048,North India,Soybean,41_87,5_53,17_88,267_73,88_5,4_45,Manual,Inorganic,33_05,2024-02-21,2024-05-26,95,5407_06,SENS0048,2024-05-17,31_483555,77_600188,0_49,Severe
FARM0049,East Africa,Wheat,31_61,5_97,28_69,121_84,51_37,4_54,Drip,Mixed,36_68,2024-01-15,2024-04-24,100,4776_0,SENS0049,2024-01-18,11_149774,85_922869,0_48,Moderate
FARM0050,South USA,Rice,18_55,6_32,28_64,95_01,48_75,7_66,None,Mixed,35_74,2024-02-19,2024-05-28,99,2928_75,SENS0050,2024-05-10,16_349433,75_106534,0_31,Severe
FARM0051,Central USA,Soybean,15_53,6_38,21_91,196_89,71_95,6_55,Manual,Inorganic,43_04,2024-01-13,2024-06-05,144,3932_83,SENS0051,2024-03-13,19_534107,77_179183,0_48,Moderate
FARM0052,North India,Cotton,19_61,6_63,28_72,236_17,42_45,7_64,None,Inorganic,39_91,2024-01-20,2024-06-09,141,3409_28,SENS0052,2024-03-08,25_522279,83_555289,0_73,Mild
FARM0053,North India,Wheat,20_81,6_38,26_59,233_09,44_51,5_77,None,Organic,14_04,2024-03-12,2024-07-13,123,4007_18,SENS0053,2024-04-15,30_761815,75_139402,0_79,Severe
FARM0054,Central USA,Maize,38_15,6_44,16_51,238_54,51_28,8_06,None,Mixed,21_46,2024-02-01,2024-05-17,106,4146_29,SENS0054,2024-03-30,19_214641,84_980232,0_46,Severe
FARM0055,Central USA,Wheat,33_62,6_44,27_39,285_79,56_4,7_66,Drip,Mixed,42_07,2024-03-10,2024-07-19,131,3633_18,SENS0055,2024-04-14,11_13367,70_744243,0_9,None
FARM0056,North India,Rice,41_05,5_77,24_07,217_62,77_16,9_68,None,Mixed,38_4,2024-01-14,2024-05-24,131,2396_09,SENS0056,2024-05-18,25_391305,88_781061,0_47,Moderate
FARM0057,South India,Cotton,25_56,5_97,22_25,295_23,58_37,9_41,Manual,Organic,22_92,2024-01-04,2024-06-02,150,5392_13,SENS0057,2024-04-29,12_291836,74_242116,0_68,None
FARM0058,North India,Maize,18_52,5_75,26_29,67_15,78_26,5_24,Sprinkler,Organic,19_79,2024-01-26,2024-06-21,147,4383_93,SENS0058,2024-04-05,31_460153,72_89376,0_38,Moderate
FARM0059,South India,Wheat,33_14,5_55,15_3,247_5,51_9,5_94,Sprinkler,Inorganic,7_36,2024-03-14,2024-07-15,123,2454_6,SENS0059,2024-03-22,21_906149,85_560341,0_61,None
FARM0060,South USA,Soybean,17_75,6_73,29_54,277_19,72_95,5_81,Drip,Organic,49_94,2024-02-14,2024-06-26,133,2431_85,SENS0060,2024-06-06,11_837268,71_61581,0_66,None
FARM0061,South India,Maize,31_85,6_67,29_24,145_23,69_87,5_77,None,Organic,40_69,2024-01-28,2024-06-07,131,4603_67,SENS0061,2024-03-23,20_751749,87_76182,0_55,Severe
FARM0062,South USA,Cotton,35_54,6_13,21_25,113_72,87_68,8_12,None,Organic,9_11,2024-01-03,2024-04-29,117,2386_26,SENS0062,2024-04-06,19_316171,72_602309,0_34,Moderate
FARM0063,North India,Cotton,22_38,6_83,30_01,267_02,76_05,9_81,Manual,Inorganic,9_66,2024-03-07,2024-06-14,99,4626_95,SENS0063,2024-04-04,31_181871,77_00228,0_63,None
FARM0064,Central USA,Soybean,17_92,6_36,26_22,241_86,71_09,8_05,Drip,Mixed,46_81,2024-03-09,2024-06-08,91,2721_66,SENS0064,2024-06-06,29_060238,88_43075,0_51,Mild
FARM0065,South India,Soybean,33_01,5_64,29_82,292_95,44_59,7_18,None,Inorganic,25_41,2024-01-12,2024-04-30,109,4886_38,SENS0065,2024-04-20,33_535186,81_924475,0_83,Mild
FARM0066,South India,Soybean,11_74,5_66,23_86,156_0,70_35,6_49,Sprinkler,Mixed,10_12,2024-02-04,2024-05-22,108,4712_87,SENS0066,2024-04-19,22_165819,83_342651,0_33,Severe
FARM0067,East Africa,Wheat,10_27,6_1,19_22,84_31,52_78,5_97,Drip,Inorganic,38_62,2024-01-05,2024-04-28,114,4130_33,SENS0067,2024-02-03,22_506559,86_667084,0_78,None
FARM0068,South USA,Wheat,25_27,6_42,16_56,128_27,61_46,6_43,None,Inorganic,10_18,2024-01-11,2024-04-20,100,5205_29,SENS0068,2024-03-30,21_502423,83_792201,0_52,Severe
FARM0069,North India,Rice,25_25,6_3,16_57,267_63,77_29,5_33,Sprinkler,Organic,27_97,2024-01-17,2024-05-18,122,2775_61,SENS0069,2024-04-25,18_734382,84_547582,0_79,Mild
FARM0070,South India,Wheat,15_13,5_89,27_05,240_05,72_78,5_06,None,Inorganic,38_95,2024-03-15,2024-07-26,133,5696_62,SENS0070,2024-06-05,31_606172,82_544348,0_39,None
FARM0071,South USA,Cotton,32_1,7_09,26_83,137_99,43_71,6_77,Drip,Organic,21_59,2024-02-03,2024-06-13,131,5457_0,SENS0071,2024-02-26,25_37521,80_141356,0_58,None
FARM0072,South USA,Soybean,32_81,6_14,24_51,87_72,43_09,4_62,Manual,Mixed,8_79,2024-03-06,2024-06-06,92,2990_97,SENS0072,2024-05-01,34_774651,80_481371,0_67,Moderate
FARM0073,Central USA,Maize,23_56,7_05,28_58,63_09,71_54,6_01,Manual,Organic,30_11,2024-02-10,2024-05-26,106,4894_93,SENS0073,2024-05-04,34_110251,82_054016,0_39,None
FARM0074,East Africa,Rice,42_09,6_12,28_12,215_53,46_45,8_25,Drip,Inorganic,30_15,2024-03-26,2024-07-15,111,5252_74,SENS0074,2024-06-19,27_570772,88_942172,0_9,None
FARM0075,South USA,Soybean,22_66,6_23,18_61,103_55,87_38,6_92,Sprinkler,Organic,11_97,2024-02-28,2024-07-17,140,2404_56,SENS0075,2024-07-15,30_877996,87_673643,0_32,Moderate
FARM0076,East Africa,Rice,30_9,5_81,18_62,223_21,71_24,9_42,None,Organic,23_49,2024-03-24,2024-07-07,105,5878_35,SENS0076,2024-06-10,17_123198,84_97073,0_57,Mild
FARM0077,Central USA,Cotton,41_64,5_89,28_57,192_6,62_03,8_62,None,Mixed,28_74,2024-01-27,2024-05-08,102,5205_04,SENS0077,2024-02-13,31_825048,71_043596,0_59,Moderate
FARM0078,East Africa,Wheat,34_9,6_53,17_49,70_97,48_02,6_7,Sprinkler,Inorganic,9_13,2024-01-27,2024-05-24,118,5538_52,SENS0078,2024-01-30,20_372423,77_929079,0_52,Severe
FARM0079,North India,Maize,17_86,6_14,16_98,228_68,56_76,4_88,Drip,Inorganic,46_28,2024-02-23,2024-07-15,143,2555_17,SENS0079,2024-06-22,21_215037,70_105024,0_35,Moderate
FARM0080,South India,Rice,29_21,6_95,25_56,77_8,54_41,5_81,Drip,Organic,23_89,2024-03-15,2024-06-17,94,2443_43,SENS0080,2024-05-17,24_918476,70_328707,0_61,Mild
FARM0081,South India,Maize,25_02,6_73,19_81,154_14,73_22,4_51,Manual,Organic,47_9,2024-03-17,2024-08-04,140,5953_33,SENS0081,2024-03-22,19_761343,79_402702,0_68,Moderate
FARM0082,Central USA,Wheat,22_5,5_64,19_82,214_28,45_18,7_49,Manual,Organic,7_0,2024-03-11,2024-07-31,142,4571_18,SENS0082,2024-07-07,34_52048,79_570623,0_41,Mild
FARM0083,North India,Cotton,11_29,5_9,30_82,271_45,55_78,5_86,None,Mixed,26_3,2024-01-25,2024-06-04,131,2764_41,SENS0083,2024-04-25,31_553463,70_956081,0_69,Moderate
FARM0084,North India,Maize,25_29,6_3,23_79,289_12,56_95,5_12,None,Inorganic,46_59,2024-03-09,2024-07-28,141,2330_45,SENS0084,2024-06-25,11_973175,82_049066,0_79,Moderate
FARM0085,Central USA,Wheat,12_8,6_82,21_13,200_66,61_31,8_14,Manual,Inorganic,6_91,2024-02-20,2024-06-16,117,3098_22,SENS0085,2024-05-31,33_697609,71_500823,0_68,Moderate
FARM0086,East Africa,Rice,43_35,5_79,27_15,245_33,41_74,4_4,Manual,Inorganic,22_23,2024-03-02,2024-07-08,128,2613_75,SENS0086,2024-06-25,33_720588,77_440268,0_76,Mild
FARM0087,East Africa,Maize,23_93,6_8,19_99,78_36,76_78,6_99,None,Mixed,10_3,2024-02-23,2024-06-20,118,2858_28,SENS0087,2024-05-11,17_139422,88_329578,0_59,None
FARM0088,South India,Wheat,25_82,7_3,23_9,71_95,74_1,9_07,Manual,Mixed,20_63,2024-01-18,2024-05-21,124,3161_45,SENS0088,2024-02-25,31_284051,84_236182,0_86,Mild
FARM0089,Central USA,Soybean,17_85,7_47,30_84,109_18,64_7,6_17,Manual,Inorganic,41_16,2024-03-05,2024-07-12,129,5536_99,SENS0089,2024-03-21,17_732268,89_991901,0_73,Severe
FARM0090,South USA,Soybean,12_58,7_44,27_85,162_49,74_01,6_07,Sprinkler,Organic,24_47,2024-01-27,2024-05-03,97,4072_41,SENS0090,2024-03-05,14_116427,76_453215,0_73,Moderate
FARM0091,East Africa,Maize,39_61,6_0,27_7,187_71,46_26,5_82,Drip,Mixed,33_84,2024-03-19,2024-06-26,99,2684_8,SENS0091,2024-06-06,28_015819,82_102778,0_81,None
FARM0092,North India,Wheat,11_59,6_78,26_54,212_78,78_35,6_5,Drip,Inorganic,45_0,2024-03-10,2024-07-19,131,5826_6,SENS0092,2024-07-11,16_121948,86_146986,0_54,Severe
FARM0093,North India,Wheat,15_53,6_33,24_29,135_05,47_18,9_17,Manual,Mixed,49_46,2024-02-13,2024-05-21,98,5042_66,SENS0093,2024-04-18,24_04128,76_382318,0_58,Moderate
FARM0094,South USA,Rice,14_93,5_6,33_91,266_04,60_91,9_78,Sprinkler,Inorganic,47_02,2024-03-11,2024-06-21,102,5052_49,SENS0094,2024-05-13,34_899235,79_336302,0_83,Severe
FARM0095,North India,Wheat,43_08,6_51,34_33,103_79,57_64,4_3,None,Mixed,44_71,2024-03-22,2024-07-20,120,3142_99,SENS0095,2024-03-23,31_179309,78_618555,0_83,Moderate
FARM0096,South USA,Maize,11_58,5_6,26_24,140_63,54_43,6_32,None,Mixed,17_59,2024-03-22,2024-07-29,129,2475_24,SENS0096,2024-04-15,19_847593,85_897945,0_5,Moderate
FARM0097,South India,Rice,31_09,6_3,15_81,59_73,75_68,8_82,None,Organic,32_28,2024-03-05,2024-06-23,110,5725_47,SENS0097,2024-04-14,14_062551,89_812315,0_74,Moderate
FARM0098,East Africa,Maize,27_76,6_52,24_8,190_73,63_74,4_1,Manual,Mixed,9_93,2024-02-19,2024-06-07,109,5187_02,SENS0098,2024-05-21,31_802478,82_58521,0_66,Moderate
FARM0099,East Africa,Soybean,17_96,5_6,24_61,181_06,76_06,8_65,None,Organic,41_97,2024-01-02,2024-05-07,126,5792_82,SENS0099,2024-01-16,14_769608,78_820771,0_55,Severe
FARM0100,South India,Cotton,27_56,6_72,24_43,262_09,76_37,8_23,Sprinkler,Mixed,19_63,2024-03-16,2024-07-17,123,3507_3,SENS0100,2024-07-16,14_329561,88_242483,0_51,Moderate
FARM0101,Central USA,Soybean,26_95,7_41,20_58,124_62,87_07,9_89,Manual,Mixed,14_33,2024-03-16,2024-07-04,110,3919_21,SENS0101,2024-05-26,33_342509,85_908107,0_46,None
FARM0102,East Africa,Soybean,23_29,7_46,31_37,288_65,80_23,5_74,Manual,Mixed,8_56,2024-02-21,2024-06-06,106,4989_35,SENS0102,2024-03-19,15_0517,80_771558,0_86,Moderate
FARM0103,South India,Wheat,31_55,6_67,19_85,217_46,66_55,7_83,Drip,Organic,23_6,2024-03-16,2024-06-20,96,4724_77,SENS0103,2024-04-02,10_129536,81_007051,0_86,Severe
FARM0104,South USA,Cotton,32_77,7_01,20_74,121_35,42_96,8_61,Sprinkler,Mixed,38_24,2024-01-06,2024-05-01,116,5528_98,SENS0104,2024-01-28,33_348065,70_726797,0_8,Severe
FARM0105,South India,Maize,40_69,5_52,26_36,76_83,89_15,5_71,None,Organic,43_3,2024-02-09,2024-05-21,102,5235_26,SENS0105,2024-03-22,14_062357,79_178289,0_45,Mild
FARM0106,North India,Maize,37_68,6_64,30_15,93_87,82_81,9_38,None,Mixed,19_76,2024-02-22,2024-05-28,96,2739_12,SENS0106,2024-03-10,21_936352,88_716508,0_3,Severe
FARM0107,South India,Cotton,36_38,7_41,21_04,230_72,40_57,7_92,Sprinkler,Organic,35_05,2024-02-10,2024-05-20,100,3621_67,SENS0107,2024-04-14,33_07765,87_756028,0_76,None
FARM0108,Central USA,Maize,31_51,5_94,17_67,88_3,77_39,7_63,None,Mixed,29_72,2024-02-25,2024-06-28,124,5207_98,SENS0108,2024-06-09,15_460291,74_949309,0_75,None
FARM0109,East Africa,Cotton,28_49,6_22,33_34,78_05,81_44,9_42,Sprinkler,Mixed,29_15,2024-01-11,2024-06-03,144,4081_37,SENS0109,2024-02-09,27_007381,84_338359,0_59,Severe
FARM0110,North India,Cotton,14_62,6_33,26_28,189_7,73_64,5_85,Drip,Inorganic,16_45,2024-01-24,2024-05-06,103,4313_25,SENS0110,2024-01-29,20_592435,84_007698,0_62,None
FARM0111,North India,Cotton,11_11,6_32,30_38,241_46,88_92,7_88,None,Inorganic,49_68,2024-02-15,2024-07-09,145,5668_46,SENS0111,2024-05-21,19_391138,83_654607,0_7,Mild
FARM0112,Central USA,Wheat,16_25,6_57,25_58,231_96,51_13,4_02,Drip,Inorganic,25_84,2024-03-18,2024-07-13,117,4127_73,SENS0112,2024-07-01,15_741602,79_212506,0_39,Mild
FARM0113,North India,Wheat,38_33,6_34,30_32,270_94,40_78,5_24,Drip,Mixed,6_51,2024-03-22,2024-08-04,135,5488_85,SENS0113,2024-05-23,28_513527,78_045307,0_44,Mild
FARM0114,North India,Rice,27_64,6_08,31_32,232_88,55_95,7_59,Manual,Organic,18_58,2024-01-22,2024-05-24,123,2884_17,SENS0114,2024-02-29,16_878848,81_134362,0_66,Mild
FARM0115,South USA,Soybean,27_35,7_44,33_83,217_84,79_29,5_91,None,Inorganic,11_71,2024-02-06,2024-06-23,138,4151_71,SENS0115,2024-04-07,31_233523,76_014728,0_72,Severe
FARM0116,North India,Soybean,24_44,6_33,25_6,147_1,52_75,5_98,Drip,Inorganic,43_12,2024-01-18,2024-06-02,136,5317_63,SENS0116,2024-01-31,16_71154,83_473438,0_66,None
FARM0117,South India,Soybean,35_35,6_62,24_59,267_37,56_65,9_74,Drip,Organic,47_17,2024-03-04,2024-07-19,137,5998_29,SENS0117,2024-07-04,32_861032,83_912526,0_72,Severe
FARM0118,South India,Soybean,21_26,6_07,24_33,212_18,55_42,6_16,None,Inorganic,9_44,2024-03-16,2024-08-01,138,5358_92,SENS0118,2024-05-07,19_267623,78_278603,0_64,Mild
FARM0119,South India,Wheat,19_13,7_37,26_58,154_39,47_62,5_98,None,Mixed,42_5,2024-02-18,2024-06-28,131,5773_86,SENS0119,2024-05-14,16_433169,86_431839,0_88,Severe
FARM0120,South USA,Rice,35_65,6_2,17_8,186_64,49_2,9_34,Drip,Mixed,6_52,2024-01-27,2024-06-07,132,2194_06,SENS0120,2024-01-28,20_309806,86_850894,0_44,Mild
FARM0121,North India,Rice,27_7,6_25,27_36,216_69,70_83,6_9,None,Organic,5_3,2024-03-14,2024-06-12,90,2066_9,SENS0121,2024-04-18,23_393453,75_733771,0_6,Severe
FARM0122,South India,Wheat,42_13,6_55,19_82,204_95,52_62,6_13,None,Organic,21_79,2024-02-15,2024-06-20,126,2972_83,SENS0122,2024-05-14,15_646431,83_680833,0_81,None
FARM0123,North India,Cotton,23_27,6_61,16_12,52_36,48_57,7_0,None,Mixed,40_3,2024-03-28,2024-07-02,96,5579_16,SENS0123,2024-04-02,15_744162,88_025459,0_72,Severe
FARM0124,Central USA,Wheat,42_35,6_87,20_61,185_76,72_91,5_08,Manual,Organic,48_27,2024-03-05,2024-07-21,138,5282_76,SENS0124,2024-06-14,33_221874,75_985538,0_64,Severe
FARM0125,East Africa,Maize,23_43,6_98,30_81,222_33,43_92,8_47,Manual,Organic,9_4,2024-01-27,2024-04-30,94,3362_37,SENS0125,2024-04-14,33_87146,77_934061,0_76,None
FARM0126,Central USA,Cotton,27_17,6_21,33_82,157_96,73_98,7_96,Drip,Mixed,18_29,2024-01-23,2024-04-26,94,2328_15,SENS0126,2024-02-11,19_5,85_677806,0_39,Severe
FARM0127,Central USA,Maize,13_73,5_51,21_17,139_98,53_49,4_8,Sprinkler,Inorganic,25_2,2024-03-17,2024-07-11,116,2413_17,SENS0127,2024-03-28,18_847857,71_861285,0_66,Moderate
FARM0128,South USA,Wheat,20_21,6_28,16_69,275_28,85_26,9_87,Sprinkler,Mixed,22_13,2024-01-09,2024-04-27,109,3073_63,SENS0128,2024-01-27,11_581679,78_693525,0_55,Severe
FARM0129,North India,Maize,18_81,5_99,27_5,198_45,49_78,4_64,Manual,Organic,47_7,2024-02-27,2024-07-05,129,3519_56,SENS0129,2024-05-21,21_005573,78_612324,0_79,Mild
FARM0130,Central USA,Maize,31_11,6_89,24_58,94_41,59_91,5_91,None,Mixed,40_19,2024-02-13,2024-05-30,107,5265_98,SENS0130,2024-04-03,19_125388,88_641343,0_42,Mild
FARM0131,East Africa,Wheat,43_36,6_42,29_17,159_61,54_57,8_16,None,Mixed,27_47,2024-03-10,2024-06-23,105,3010_73,SENS0131,2024-03-29,27_88091,85_781535,0_34,Severe
FARM0132,East Africa,Cotton,28_7,7_35,32_39,154_58,41_84,9_81,Drip,Organic,39_6,2024-03-22,2024-07-12,112,2665_35,SENS0132,2024-06-08,11_107417,89_672164,0_71,Severe
FARM0133,Central USA,Cotton,13_71,5_7,19_44,236_71,67_9,8_13,Sprinkler,Inorganic,21_84,2024-02-25,2024-07-07,133,4354_36,SENS0133,2024-07-02,13_768623,89_954055,0_59,Moderate
FARM0134,South USA,Wheat,14_06,7_38,17_83,127_97,62_77,5_24,None,Inorganic,26_43,2024-02-24,2024-07-07,134,3809_79,SENS0134,2024-03-12,17_506602,86_203719,0_37,Moderate
FARM0135,North India,Rice,42_55,6_98,25_32,187_98,56_55,6_56,None,Organic,40_9,2024-03-06,2024-06-15,101,4561_92,SENS0135,2024-04-30,19_889559,84_747767,0_83,Severe
FARM0136,East Africa,Cotton,23_61,6_91,19_12,238_08,80_44,4_38,Drip,Mixed,13_41,2024-02-07,2024-06-05,119,2455_82,SENS0136,2024-05-02,31_565914,80_5543,0_68,Severe
FARM0137,East Africa,Cotton,30_55,6_2,31_91,204_34,80_69,8_24,Manual,Mixed,31_56,2024-03-05,2024-06-23,110,2471_45,SENS0137,2024-04-13,12_923723,77_466121,0_38,Severe
FARM0138,South USA,Soybean,14_83,6_27,18_72,208_88,74_67,7_87,Sprinkler,Mixed,12_51,2024-02-05,2024-05-16,101,3258_32,SENS0138,2024-04-02,25_485249,87_310445,0_87,Severe
FARM0139,South India,Rice,38_53,7_43,25_11,173_74,74_23,6_49,None,Inorganic,12_53,2024-03-01,2024-07-19,140,5044_23,SENS0139,2024-05-14,10_817377,74_496868,0_47,Severe
FARM0140,East Africa,Cotton,29_24,5_73,17_28,243_78,81_16,6_2,Drip,Mixed,24_86,2024-01-14,2024-04-19,96,4943_95,SENS0140,2024-04-06,28_783637,75_954179,0_9,Severe
FARM0141,Central USA,Maize,40_18,5_67,32_31,79_35,80_59,5_26,Manual,Mixed,32_46,2024-02-06,2024-06-14,129,2556_94,SENS0141,2024-03-29,30_338247,86_10881,0_64,Moderate
FARM0142,East Africa,Soybean,15_89,7_46,20_85,193_18,87_62,7_09,Drip,Organic,48_32,2024-02-02,2024-05-19,107,5468_19,SENS0142,2024-02-18,27_535663,72_653817,0_39,Moderate
FARM0143,South India,Cotton,27_13,6_65,20_37,153_56,62_6,7_8,Drip,Inorganic,28_2,2024-02-23,2024-07-21,149,5509_27,SENS0143,2024-06-18,33_756352,76_545786,0_3,None
FARM0144,South USA,Maize,39_75,7_09,22_95,292_03,81_24,6_97,Manual,Inorganic,20_2,2024-03-05,2024-07-09,126,5409_69,SENS0144,2024-06-13,18_593491,83_651039,0_33,None
FARM0145,South USA,Wheat,14_35,7_22,23_83,50_17,87_9,5_21,Sprinkler,Mixed,18_58,2024-02-03,2024-06-13,131,3441_74,SENS0145,2024-02-24,19_296094,88_076005,0_4,Severe
FARM0146,Central USA,Rice,25_02,5_68,16_9,103_36,43_9,7_56,None,Organic,5_36,2024-02-27,2024-06-03,97,5952_62,SENS0146,2024-04-21,27_350775,79_554005,0_44,None
FARM0147,North India,Wheat,20_97,7_26,17_74,243_37,77_66,4_8,Sprinkler,Organic,28_87,2024-01-20,2024-05-30,131,2656_47,SENS0147,2024-04-18,28_060801,82_561601,0_39,Severe
FARM0148,East Africa,Cotton,40_1,5_67,17_01,238_11,69_48,6_3,None,Inorganic,40_6,2024-01-09,2024-05-19,131,2336_99,SENS0148,2024-03-21,29_474241,83_809522,0_81,Moderate
FARM0149,South India,Soybean,31_24,5_88,22_84,211_54,79_19,8_76,Sprinkler,Inorganic,22_36,2024-01-16,2024-05-25,130,4375_72,SENS0149,2024-01-19,34_672063,88_678488,0_38,Severe
FARM0150,Central USA,Soybean,33_9,7_03,34_09,242_59,40_83,4_41,Manual,Organic,6_79,2024-01-26,2024-05-20,115,4026_44,SENS0150,2024-04-15,27_815727,85_3422,0_55,Severe
FARM0151,North India,Soybean,28_82,5_81,16_67,69_76,86_05,9_85,Sprinkler,Mixed,19_7,2024-03-21,2024-08-06,138,5338_11,SENS0151,2024-04-06,17_754237,78_749721,0_87,Mild
FARM0152,North India,Rice,13_02,6_37,24_07,202_21,55_46,8_45,Sprinkler,Organic,5_57,2024-01-23,2024-04-22,90,2655_33,SENS0152,2024-03-07,23_075134,85_659742,0_73,Mild
FARM0153,Central USA,Rice,36_24,7_25,29_66,79_51,84_99,6_01,None,Inorganic,28_57,2024-02-23,2024-06-28,126,4510_13,SENS0153,2024-04-26,21_379944,77_202478,0_6,Mild
FARM0154,Central USA,Rice,18_93,5_71,26_48,230_69,51_42,7_05,Drip,Organic,16_0,2024-02-12,2024-06-05,114,5680_91,SENS0154,2024-03-05,33_279002,87_149704,0_63,Severe
FARM0155,South India,Maize,18_69,7_33,21_4,256_5,68_58,4_72,Drip,Organic,15_04,2024-03-02,2024-06-25,115,2275_71,SENS0155,2024-04-30,31_650806,85_47055,0_49,None
FARM0156,East Africa,Cotton,10_28,5_9,26_28,125_98,71_14,6_78,None,Organic,37_96,2024-03-25,2024-08-12,140,2980_51,SENS0156,2024-03-26,33_309938,70_478205,0_62,None
FARM0157,Central USA,Wheat,36_56,6_25,29_76,126_88,50_26,9_9,None,Inorganic,48_25,2024-01-23,2024-05-09,107,2372_11,SENS0157,2024-02-21,32_432187,80_395184,0_72,Moderate
FARM0158,South USA,Wheat,30_33,6_51,27_74,148_59,69_59,4_37,Sprinkler,Organic,18_13,2024-02-26,2024-06-20,115,4802_9,SENS0158,2024-05-30,18_156289,79_055157,0_44,Mild
FARM0159,South India,Soybean,13_81,5_71,23_99,128_51,46_04,6_15,Sprinkler,Inorganic,18_87,2024-02-28,2024-06-04,97,2361_68,SENS0159,2024-05-25,17_605375,84_094096,0_66,Mild
FARM0160,Central USA,Rice,13_19,6_0,22_11,178_36,73_86,5_56,Sprinkler,Organic,47_84,2024-02-18,2024-07-04,137,4200_48,SENS0160,2024-03-13,21_551081,86_077935,0_38,None
FARM0161,North India,Rice,14_58,7_15,22_44,207_57,72_23,7_49,Manual,Organic,5_98,2024-01-07,2024-06-02,147,4583_95,SENS0161,2024-02-08,12_299466,86_945509,0_79,None
FARM0162,North India,Cotton,11_77,7_35,23_66,231_11,64_81,6_3,None,Organic,20_93,2024-01-09,2024-04-25,107,3784_05,SENS0162,2024-01-28,10_866236,82_383531,0_45,Moderate
FARM0163,South USA,Cotton,40_9,6_46,16_75,145_75,60_96,7_86,Sprinkler,Mixed,49_73,2024-03-26,2024-06-25,91,5957_61,SENS0163,2024-06-25,18_977803,80_890356,0_59,Moderate
FARM0164,South USA,Maize,16_29,6_14,19_38,273_94,78_93,4_35,None,Mixed,21_08,2024-03-08,2024-06-16,100,2400_54,SENS0164,2024-05-31,16_02882,80_673791,0_77,None
FARM0165,South India,Soybean,39_63,7_09,22_1,259_81,82_26,5_06,Manual,Mixed,36_39,2024-03-01,2024-07-14,135,4802_24,SENS0165,2024-04-06,24_077722,73_764673,0_89,Severe
FARM0166,East Africa,Maize,16_14,5_58,16_12,200_42,41_0,6_87,Manual,Mixed,14_07,2024-01-11,2024-05-25,135,2709_84,SENS0166,2024-04-02,11_488899,72_95424,0_72,Mild
FARM0167,North India,Soybean,40_12,7_42,22_47,285_48,59_78,4_61,Manual,Inorganic,11_14,2024-01-24,2024-06-22,150,3747_47,SENS0167,2024-05-27,26_229507,73_484053,0_88,Moderate
FARM0168,South India,Soybean,38_51,6_26,29_68,123_63,48_89,4_01,None,Mixed,6_46,2024-03-11,2024-08-06,148,5235_23,SENS0168,2024-05-06,25_991169,72_082205,0_6,Moderate
FARM0169,North India,Rice,22_14,6_14,27_72,290_77,81_08,8_02,Manual,Inorganic,5_51,2024-01-08,2024-05-21,134,2271_18,SENS0169,2024-03-13,29_6755,84_408272,0_33,Severe
FARM0170,South USA,Rice,40_96,6_49,22_57,186_51,45_07,6_88,Sprinkler,Organic,25_31,2024-01-10,2024-04-10,91,3274_87,SENS0170,2024-01-23,11_85501,73_402104,0_53,None
FARM0171,East Africa,Wheat,21_83,7_47,32_86,226_13,61_57,7_92,None,Organic,7_41,2024-02-07,2024-05-19,102,3637_12,SENS0171,2024-04-17,28_050953,84_59948,0_46,Moderate
FARM0172,Central USA,Rice,13_36,6_29,25_99,172_74,42_73,4_02,Drip,Inorganic,42_08,2024-03-20,2024-07-18,120,2798_7,SENS0172,2024-03-23,15_173825,82_763813,0_89,Severe
FARM0173,North India,Maize,37_47,6_44,32_9,116_25,72_09,6_33,Manual,Inorganic,21_62,2024-02-02,2024-05-18,106,3758_96,SENS0173,2024-03-06,15_656057,75_37124,0_34,None
FARM0174,North India,Maize,38_29,6_33,30_13,106_88,43_05,6_32,None,Mixed,35_92,2024-02-19,2024-07-14,146,2942_57,SENS0174,2024-05-05,11_973876,88_055544,0_73,Mild
FARM0175,North India,Cotton,16_05,7_47,34_44,252_12,46_31,6_54,None,Organic,49_88,2024-03-05,2024-07-26,143,4380_19,SENS0175,2024-05-25,32_770112,88_283479,0_34,Severe
FARM0176,East Africa,Cotton,29_32,7_21,25_39,279_29,40_62,8_2,None,Organic,23_65,2024-01-19,2024-05-25,127,4330_71,SENS0176,2024-02-13,33_123204,81_253675,0_36,Moderate
FARM0177,East Africa,Maize,40_73,6_03,28_1,193_01,63_65,5_03,None,Organic,32_82,2024-03-23,2024-07-16,115,2155_13,SENS0177,2024-07-14,31_973941,83_810275,0_33,Severe
FARM0178,Central USA,Maize,10_71,7_13,21_06,120_09,64_58,8_18,Drip,Organic,11_05,2024-03-15,2024-08-01,139,5303_29,SENS0178,2024-05-22,28_219985,82_099583,0_35,Severe
FARM0179,South India,Cotton,35_93,7_02,32_34,255_25,65_76,4_95,Manual,Mixed,27_81,2024-01-25,2024-06-17,144,4097_14,SENS0179,2024-02-01,14_343434,87_503611,0_42,None
FARM0180,South India,Wheat,25_98,7_34,29_09,118_49,81_18,7_03,Drip,Mixed,6_38,2024-02-16,2024-06-23,128,3784_41,SENS0180,2024-06-16,24_672006,76_995198,0_4,Moderate
FARM0181,North India,Maize,10_96,5_6,32_08,244_96,50_72,5_33,Sprinkler,Mixed,14_3,2024-03-14,2024-07-14,122,2080_21,SENS0181,2024-06-21,34_178459,83_643995,0_58,Mild
FARM0182,South India,Soybean,38_03,5_95,27_17,285_75,75_64,8_26,Manual,Inorganic,45_3,2024-02-15,2024-05-31,106,2872_84,SENS0182,2024-03-24,26_929904,86_486216,0_54,None
FARM0183,North India,Soybean,44_98,7_43,31_79,190_36,69_69,5_7,Drip,Inorganic,7_87,2024-02-21,2024-06-10,110,5445_97,SENS0183,2024-03-25,26_40299,89_043756,0_69,Mild
FARM0184,South India,Soybean,36_79,7_3,31_11,250_59,70_0,7_96,Sprinkler,Mixed,6_15,2024-02-10,2024-05-26,106,5627_65,SENS0184,2024-04-01,19_706873,70_70638,0_72,Mild
FARM0185,Central USA,Rice,34_02,6_78,24_51,285_17,57_92,5_8,Sprinkler,Mixed,44_44,2024-01-10,2024-04-15,96,3883_12,SENS0185,2024-04-13,16_466296,86_166877,0_76,Mild
FARM0186,Central USA,Wheat,17_78,5_95,32_43,155_12,84_34,6_23,Manual,Inorganic,43_3,2024-02-02,2024-06-26,145,4537_59,SENS0186,2024-02-20,21_805492,73_890876,0_37,Severe
FARM0187,East Africa,Maize,24_46,7_24,18_02,298_09,57_13,9_92,None,Organic,19_24,2024-03-06,2024-07-23,139,2323_25,SENS0187,2024-05-30,25_775819,73_536485,0_68,None
FARM0188,South USA,Maize,17_33,7_05,26_53,89_61,79_26,8_68,Sprinkler,Mixed,24_52,2024-02-13,2024-06-09,117,5861_31,SENS0188,2024-04-02,10_116728,80_675652,0_74,None
FARM0189,Central USA,Soybean,16_67,6_85,27_53,112_21,74_68,6_07,Sprinkler,Organic,22_26,2024-03-10,2024-06-18,100,2261_15,SENS0189,2024-03-15,17_455056,75_816556,0_74,Moderate
FARM0190,South USA,Rice,22_0,7_3,22_19,97_11,87_4,9_51,None,Organic,15_28,2024-03-05,2024-06-16,103,4936_31,SENS0190,2024-05-19,22_615839,72_46324,0_73,None
FARM0191,South USA,Maize,36_99,6_75,26_88,61_99,45_41,9_02,Drip,Mixed,10_21,2024-02-13,2024-05-20,97,4189_13,SENS0191,2024-04-13,27_546705,74_109898,0_71,None
FARM0192,Central USA,Cotton,33_16,6_82,20_4,201_41,46_86,8_98,Drip,Mixed,37_34,2024-01-10,2024-04-16,97,5139_04,SENS0192,2024-03-13,14_966167,73_994988,0_46,Mild
FARM0193,Central USA,Cotton,20_34,5_58,24_93,101_92,86_66,5_98,Drip,Organic,35_22,2024-01-27,2024-06-01,126,4676_09,SENS0193,2024-02-15,33_73615,85_590524,0_35,None
FARM0194,Central USA,Rice,25_99,7_45,20_28,62_52,80_66,9_24,Manual,Inorganic,41_07,2024-02-14,2024-06-30,137,2463_6,SENS0194,2024-02-25,10_241808,72_767889,0_69,Moderate
FARM0195,Central USA,Cotton,43_43,6_04,29_66,143_16,57_14,4_68,None,Inorganic,17_23,2024-02-23,2024-07-16,144,3912_98,SENS0195,2024-06-09,26_221162,85_938191,0_37,None
FARM0196,South India,Wheat,24_56,6_68,31_05,219_6,49_06,6_28,Manual,Mixed,6_3,2024-03-27,2024-08-10,136,5893_78,SENS0196,2024-04-29,22_076991,79_762456,0_83,Severe
FARM0197,North India,Wheat,19_16,6_13,29_09,219_48,78_38,7_46,Sprinkler,Mixed,44_29,2024-03-17,2024-07-29,134,4802_32,SENS0197,2024-04-10,20_821198,84_533039,0_59,Severe
FARM0198,South India,Soybean,41_22,6_73,15_23,283_59,65_28,6_82,None,Organic,8_37,2024-02-11,2024-05-26,105,3323_58,SENS0198,2024-03-17,11_258768,74_45413,0_69,Severe
FARM0199,South India,Wheat,26_07,7_1,23_96,264_15,62_35,4_71,None,Mixed,34_4,2024-01-13,2024-05-08,116,2143_33,SENS0199,2024-03-23,10_004243,71_817911,0_66,Moderate
FARM0200,East Africa,Soybean,17_24,6_84,34_01,140_84,42_71,5_34,None,Inorganic,30_21,2024-03-20,2024-07-18,120,4866_63,SENS0200,2024-05-05,27_897838,72_280467,0_76,Mild
FARM0201,North India,Maize,22_43,6_77,31_0,186_92,58_69,4_64,Sprinkler,Inorganic,11_32,2024-03-24,2024-08-07,136,3636_84,SENS0201,2024-05-28,25_271294,73_750868,0_86,Severe
FARM0202,South India,Cotton,38_86,5_88,21_76,239_29,42_33,7_8,Drip,Inorganic,25_58,2024-03-17,2024-06-23,98,5855_42,SENS0202,2024-03-17,23_259109,70_971432,0_86,Severe
FARM0203,East Africa,Rice,34_21,5_85,31_3,75_89,72_88,7_64,Manual,Mixed,44_66,2024-02-20,2024-07-17,148,4770_06,SENS0203,2024-04-23,16_839897,89_271871,0_88,Severe
FARM0204,South India,Rice,24_45,6_9,29_97,124_73,75_07,9_16,Sprinkler,Organic,14_44,2024-03-10,2024-07-21,133,3381_17,SENS0204,2024-04-12,34_533387,83_001728,0_87,Moderate
FARM0205,North India,Maize,29_68,6_67,33_85,227_53,73_71,9_36,Manual,Inorganic,41_37,2024-03-04,2024-06-03,91,3523_48,SENS0205,2024-03-10,26_756354,73_998048,0_75,Mild
FARM0206,Central USA,Maize,15_12,5_62,30_69,101_0,67_06,6_15,None,Organic,32_72,2024-03-24,2024-07-27,125,5459_37,SENS0206,2024-06-27,26_177986,77_777733,0_61,Moderate
FARM0207,North India,Cotton,23_56,7_41,34_52,128_16,67_61,4_08,Manual,Organic,32_93,2024-02-27,2024-06-10,104,5645_95,SENS0207,2024-05-27,27_738636,77_354822,0_65,Mild
FARM0208,South India,Maize,25_71,7_47,16_49,290_62,76_75,4_72,Drip,Inorganic,17_56,2024-02-05,2024-05-15,100,4335_94,SENS0208,2024-03-08,10_141128,79_326627,0_86,None
FARM0209,South India,Maize,30_89,7_05,27_51,260_78,55_06,8_74,Manual,Organic,40_28,2024-02-17,2024-05-31,104,5827_95,SENS0209,2024-04-23,11_704412,80_102807,0_55,Severe
FARM0210,North India,Maize,17_74,5_93,21_64,140_2,50_92,8_52,None,Mixed,42_07,2024-03-01,2024-06-06,97,4675_75,SENS0210,2024-04-27,16_008697,82_845287,0_85,Mild
FARM0211,North India,Maize,23_35,7_09,17_27,114_15,76_2,4_15,Manual,Mixed,41_13,2024-02-16,2024-05-18,92,3185_74,SENS0211,2024-05-09,14_81281,80_277894,0_87,Mild
FARM0212,East Africa,Soybean,10_26,5_63,28_41,243_4,83_25,6_55,Drip,Organic,29_2,2024-03-24,2024-08-10,139,3740_95,SENS0212,2024-04-11,28_672271,73_075092,0_58,Moderate
FARM0213,North India,Wheat,12_56,5_86,20_04,67_61,81_08,9_47,None,Inorganic,25_3,2024-02-14,2024-06-03,110,2067_56,SENS0213,2024-05-10,12_957644,70_117979,0_73,None
FARM0214,East Africa,Wheat,34_53,5_65,33_56,76_53,79_34,5_81,Drip,Inorganic,39_44,2024-02-13,2024-06-07,115,5288_49,SENS0214,2024-02-16,21_849692,80_669355,0_38,Severe
FARM0215,East Africa,Maize,43_6,5_79,28_55,278_54,79_75,8_38,Manual,Organic,29_91,2024-03-05,2024-06-10,97,2167_09,SENS0215,2024-05-17,24_916372,80_743041,0_87,Moderate
FARM0216,South India,Maize,17_41,7_31,32_03,85_61,49_2,7_7,Manual,Organic,10_16,2024-03-26,2024-07-30,126,5409_0,SENS0216,2024-07-12,28_776045,89_801528,0_63,None
FARM0217,Central USA,Wheat,18_77,5_89,26_61,287_88,57_86,8_03,Sprinkler,Organic,17_83,2024-01-07,2024-04-26,110,3943_44,SENS0217,2024-02-18,25_408561,76_11351,0_65,Moderate
FARM0218,Central USA,Cotton,15_9,6_13,30_71,228_05,72_04,5_66,Manual,Organic,35_58,2024-02-16,2024-06-14,119,3781_43,SENS0218,2024-05-25,17_636795,81_033437,0_41,None
FARM0219,Central USA,Rice,41_2,5_89,29_67,206_65,76_37,9_35,Drip,Mixed,31_05,2024-03-07,2024-08-02,148,2146_63,SENS0219,2024-05-12,23_586733,89_974564,0_58,Mild
FARM0220,Central USA,Cotton,17_82,7_04,29_66,122_75,63_24,7_06,None,Inorganic,27_6,2024-03-08,2024-07-30,144,5856_0,SENS0220,2024-04-19,28_930152,72_807414,0_4,Mild
FARM0221,South USA,Maize,11_41,7_02,19_63,116_09,51_7,8_01,Manual,Inorganic,26_14,2024-02-02,2024-05-04,92,5922_36,SENS0221,2024-03-14,12_580625,89_368828,0_68,Moderate
FARM0222,Central USA,Soybean,29_05,5_85,28_07,141_32,72_67,9_01,Manual,Inorganic,48_77,2024-01-17,2024-05-11,115,3411_59,SENS0222,2024-05-07,18_625808,85_853149,0_83,None
FARM0223,East Africa,Rice,25_4,5_96,25_29,120_2,47_51,4_94,Drip,Mixed,15_37,2024-02-24,2024-05-31,97,3926_07,SENS0223,2024-04-25,21_975529,81_815818,0_69,Severe
FARM0224,North India,Rice,11_51,6_65,18_22,207_39,41_96,7_43,Drip,Organic,16_62,2024-01-17,2024-05-11,115,4397_43,SENS0224,2024-03-29,25_940568,87_57018,0_74,Moderate
FARM0225,North India,Rice,25_72,7_49,32_35,92_64,81_52,7_61,Sprinkler,Mixed,34_68,2024-02-06,2024-06-21,136,4742_36,SENS0225,2024-06-01,24_913334,71_376858,0_53,Mild
FARM0226,North India,Wheat,17_08,7_22,25_09,154_95,47_48,4_58,None,Mixed,31_99,2024-03-17,2024-08-02,138,2470_07,SENS0226,2024-07-18,26_484815,88_039695,0_62,None
FARM0227,South USA,Soybean,24_72,7_25,28_95,157_24,86_92,6_89,None,Inorganic,31_51,2024-03-25,2024-08-15,143,4786_83,SENS0227,2024-04-19,20_637235,75_090361,0_76,None
FARM0228,Central USA,Soybean,40_69,6_32,18_78,227_29,79_47,7_47,Drip,Mixed,5_32,2024-03-07,2024-07-19,134,5217_15,SENS0228,2024-06-19,19_056745,73_095572,0_69,Moderate
FARM0229,Central USA,Soybean,24_82,6_23,20_51,220_15,77_75,6_48,None,Organic,21_66,2024-03-16,2024-06-30,106,5954_03,SENS0229,2024-05-28,18_608908,84_109892,0_74,None
FARM0230,South India,Cotton,37_41,7_4,17_01,177_09,79_3,8_81,Drip,Organic,22_51,2024-03-01,2024-07-20,141,2364_35,SENS0230,2024-04-07,21_791717,82_004909,0_35,Moderate
FARM0231,South India,Maize,12_8,5_58,22_69,296_11,70_7,7_13,Drip,Organic,33_81,2024-02-01,2024-05-13,102,5402_27,SENS0231,2024-05-13,22_953832,73_89493,0_77,Mild
FARM0232,East Africa,Rice,33_59,6_22,28_1,293_91,44_34,5_66,None,Inorganic,35_13,2024-02-19,2024-05-31,102,4070_97,SENS0232,2024-05-23,27_590548,88_383548,0_63,Moderate
FARM0233,Central USA,Maize,17_92,7_43,24_1,150_99,40_23,5_05,Drip,Mixed,8_26,2024-02-11,2024-07-10,150,2468_04,SENS0233,2024-06-21,33_917734,87_522261,0_79,Moderate
FARM0234,South USA,Cotton,29_71,7_04,30_15,290_31,62_94,6_76,Drip,Inorganic,10_23,2024-01-13,2024-05-22,130,5154_62,SENS0234,2024-03-09,26_922824,74_598603,0_49,Moderate
FARM0235,East Africa,Soybean,10_34,7_16,19_97,73_25,73_68,8_93,Drip,Mixed,46_91,2024-02-11,2024-06-02,112,2874_26,SENS0235,2024-04-24,16_726895,88_942362,0_71,Mild
FARM0236,South USA,Rice,18_22,5_98,20_31,107_3,81_75,9_02,Manual,Organic,40_05,2024-01-03,2024-05-15,133,5823_12,SENS0236,2024-05-08,25_345674,85_284884,0_62,None
FARM0237,South USA,Maize,31_72,6_48,34_71,274_25,83_44,6_94,Manual,Inorganic,14_99,2024-03-05,2024-06-06,93,4102_94,SENS0237,2024-04-28,21_958002,80_815359,0_6,Severe
FARM0238,South India,Cotton,44_18,6_9,24_2,222_3,40_59,5_26,Drip,Inorganic,21_27,2024-02-06,2024-06-10,125,3051_4,SENS0238,2024-03-11,21_783634,82_261681,0_52,Severe
FARM0239,South USA,Rice,24_67,7_0,22_3,150_15,62_54,7_43,Sprinkler,Organic,37_44,2024-01-18,2024-05-14,117,5425_23,SENS0239,2024-02-12,13_646093,89_182958,0_39,None
FARM0240,South India,Cotton,27_49,7_49,31_99,179_25,76_03,8_71,Manual,Inorganic,30_3,2024-03-02,2024-06-25,115,2395_9,SENS0240,2024-03-22,11_500909,86_276361,0_59,None
FARM0241,South USA,Maize,19_09,6_22,26_15,252_5,57_21,6_47,Manual,Mixed,48_34,2024-01-19,2024-05-24,126,4599_46,SENS0241,2024-03-27,14_363471,85_606182,0_51,Severe
FARM0242,South USA,Wheat,23_34,6_07,27_63,86_21,48_38,8_85,Manual,Inorganic,33_41,2024-03-13,2024-08-04,144,5628_29,SENS0242,2024-04-02,14_049987,74_564359,0_49,Moderate
FARM0243,Central USA,Soybean,32_56,6_04,23_9,265_7,58_16,7_52,None,Inorganic,12_53,2024-01-05,2024-05-20,136,2938_51,SENS0243,2024-03-09,33_510933,84_013939,0_35,Mild
FARM0244,South USA,Wheat,13_34,7_37,24_46,63_46,78_55,7_14,Drip,Organic,16_81,2024-01-03,2024-05-13,131,5726_36,SENS0244,2024-04-11,17_734266,74_94793,0_47,Mild
FARM0245,South India,Soybean,39_35,5_56,28_27,265_09,56_26,6_86,Manual,Mixed,25_02,2024-03-18,2024-06-27,101,4363_32,SENS0245,2024-05-15,25_776188,82_717023,0_64,Moderate
FARM0246,Central USA,Cotton,28_89,7_11,23_84,141_45,52_99,5_82,Drip,Mixed,41_69,2024-01-12,2024-04-29,108,3876_79,SENS0246,2024-01-13,27_194249,79_838633,0_75,Moderate
FARM0247,North India,Cotton,37_93,6_69,30_94,187_05,49_43,9_29,None,Inorganic,16_25,2024-03-24,2024-08-02,131,3558_89,SENS0247,2024-06-28,15_514811,71_584195,0_68,Moderate
FARM0248,Central USA,Soybean,38_31,6_33,32_07,95_6,54_48,7_82,None,Inorganic,36_52,2024-02-07,2024-05-27,110,2077_58,SENS0248,2024-02-13,34_242905,70_442618,0_88,Moderate
FARM0249,Central USA,Rice,35_03,6_95,19_66,87_67,64_68,6_05,Manual,Inorganic,49_91,2024-02-23,2024-07-12,140,2126_95,SENS0249,2024-03-14,31_088657,89_032881,0_33,Severe
FARM0250,North India,Soybean,26_46,5_88,31_83,254_31,81_41,4_73,Sprinkler,Inorganic,39_71,2024-02-08,2024-06-24,137,5978_14,SENS0250,2024-03-29,21_520866,85_419919,0_61,Mild
FARM0251,South USA,Cotton,33_85,6_12,21_46,207_29,42_11,9_62,Drip,Inorganic,26_66,2024-02-07,2024-05-30,113,5550_08,SENS0251,2024-05-27,26_66737,89_465481,0_44,Severe
FARM0252,Central USA,Wheat,15_86,6_05,17_39,247_29,40_45,4_25,None,Mixed,31_83,2024-02-25,2024-05-30,95,2994_89,SENS0252,2024-04-28,12_285039,82_372897,0_86,None
FARM0253,North India,Maize,32_56,6_9,30_83,81_46,51_63,9_89,Manual,Inorganic,37_99,2024-01-23,2024-05-16,114,3432_67,SENS0253,2024-02-09,16_267406,70_789771,0_72,Moderate
FARM0254,East Africa,Cotton,16_64,5_87,21_95,233_1,53_77,8_99,Sprinkler,Organic,28_9,2024-02-10,2024-07-01,142,3053_4,SENS0254,2024-05-13,21_351974,85_518358,0_6,Mild
FARM0255,North India,Soybean,39_99,7_05,19_78,230_25,72_91,7_23,None,Organic,28_58,2024-02-25,2024-06-29,125,2616_53,SENS0255,2024-04-01,18_065001,82_818079,0_37,None
FARM0256,North India,Rice,16_25,5_56,17_14,97_9,41_59,7_85,None,Mixed,27_05,2024-03-23,2024-07-28,127,3023_75,SENS0256,2024-06-24,15_51807,84_356904,0_31,Mild
FARM0257,South USA,Wheat,26_38,6_78,22_22,235_87,84_52,8_93,Drip,Mixed,16_96,2024-01-24,2024-04-27,94,5337_83,SENS0257,2024-02-02,33_615087,89_211735,0_36,Mild
FARM0258,East Africa,Cotton,16_63,6_55,19_98,206_33,48_94,8_5,None,Mixed,9_75,2024-03-19,2024-07-09,112,4697_97,SENS0258,2024-06-16,26_631059,87_65648,0_4,Mild
FARM0259,East Africa,Cotton,27_66,6_82,25_68,199_98,86_68,9_41,Manual,Inorganic,23_56,2024-03-14,2024-08-03,142,4903_47,SENS0259,2024-05-14,24_078618,74_278563,0_76,Moderate
FARM0260,Central USA,Cotton,25_66,6_29,29_53,295_74,69_79,7_11,Manual,Organic,18_52,2024-01-07,2024-05-30,144,3259_62,SENS0260,2024-03-17,32_977802,80_22543,0_64,Mild
FARM0261,North India,Wheat,26_11,5_81,20_3,272_41,52_49,5_54,Manual,Organic,30_67,2024-03-07,2024-07-21,136,2308_81,SENS0261,2024-05-29,29_822605,73_45805,0_8,None
FARM0262,East Africa,Maize,11_31,7_12,22_63,245_03,86_09,6_01,None,Inorganic,46_86,2024-01-28,2024-06-15,139,2906_87,SENS0262,2024-01-30,25_847178,82_643872,0_33,None
FARM0263,Central USA,Soybean,29_77,6_15,28_96,88_3,73_68,9_98,None,Mixed,30_89,2024-01-08,2024-05-04,117,3159_13,SENS0263,2024-02-27,13_70031,76_723364,0_59,None
FARM0264,East Africa,Cotton,19_19,6_3,23_69,224_47,78_1,6_89,Sprinkler,Inorganic,22_79,2024-03-07,2024-07-10,125,4463_99,SENS0264,2024-06-09,23_106195,74_846302,0_46,Severe
FARM0265,Central USA,Soybean,13_14,6_84,23_47,137_08,56_04,7_56,Drip,Inorganic,12_62,2024-02-20,2024-07-11,142,5960_64,SENS0265,2024-06-12,25_579554,78_809268,0_85,Mild
FARM0266,South India,Maize,15_46,6_96,16_72,234_9,52_15,7_73,Sprinkler,Inorganic,5_62,2024-03-26,2024-07-01,97,3220_47,SENS0266,2024-05-25,10_568703,74_180191,0_62,Mild
FARM0267,East Africa,Soybean,36_26,6_6,27_46,298_08,74_75,8_01,None,Mixed,45_77,2024-03-02,2024-06-16,106,2681_28,SENS0267,2024-04-07,15_017401,83_930534,0_46,Severe
FARM0268,North India,Wheat,23_6,6_04,32_04,215_03,83_21,4_11,None,Organic,49_09,2024-03-23,2024-06-27,96,5615_49,SENS0268,2024-05-24,31_669319,80_631213,0_41,Severe
FARM0269,East Africa,Wheat,11_39,7_34,21_1,172_48,77_22,4_11,Manual,Inorganic,33_14,2024-01-17,2024-05-03,107,5247_57,SENS0269,2024-04-06,16_441984,77_743412,0_9,None
FARM0270,East Africa,Maize,17_9,6_18,22_86,84_32,76_49,7_12,Sprinkler,Inorganic,15_82,2024-01-14,2024-05-02,109,5638_94,SENS0270,2024-02-25,21_22923,72_635443,0_69,Mild
FARM0271,South India,Maize,34_1,7_3,33_19,157_52,85_45,8_62,Sprinkler,Inorganic,8_05,2024-03-24,2024-06-29,97,2736_54,SENS0271,2024-04-11,28_176988,85_3087,0_83,Severe
FARM0272,South USA,Maize,25_51,7_37,32_88,283_31,53_69,8_67,Drip,Organic,13_31,2024-03-20,2024-07-05,107,4422_42,SENS0272,2024-06-06,15_772784,74_643651,0_71,Moderate
FARM0273,North India,Cotton,14_69,7_19,24_38,212_39,49_2,6_32,None,Organic,12_37,2024-01-02,2024-04-27,116,5058_16,SENS0273,2024-01-03,33_135877,89_003961,0_43,Mild
FARM0274,South India,Wheat,16_2,7_41,23_79,204_26,74_39,9_2,Sprinkler,Inorganic,23_22,2024-01-20,2024-06-05,137,5297_31,SENS0274,2024-04-09,19_853768,88_782783,0_64,None
FARM0275,East Africa,Wheat,25_81,7_15,15_85,298_96,65_94,6_37,Drip,Mixed,22_43,2024-03-02,2024-06-12,102,3164_72,SENS0275,2024-04-21,32_109939,85_47354,0_47,Mild
FARM0276,South USA,Maize,31_46,5_61,25_34,85_56,81_49,6_71,Drip,Organic,40_04,2024-03-18,2024-06-24,98,3572_27,SENS0276,2024-04-28,21_272146,73_577572,0_65,Mild
FARM0277,South USA,Wheat,18_75,6_88,33_14,249_12,75_92,4_74,Drip,Mixed,25_22,2024-02-03,2024-06-05,123,4829_12,SENS0277,2024-05-06,29_776665,80_233329,0_87,Severe
FARM0278,East Africa,Cotton,11_54,5_84,21_7,267_83,83_13,4_97,Sprinkler,Organic,39_61,2024-01-14,2024-05-02,109,3238_07,SENS0278,2024-04-21,34_024153,75_775611,0_41,Mild
FARM0279,South India,Wheat,31_79,6_01,24_17,263_85,67_18,4_03,None,Organic,14_76,2024-03-16,2024-07-13,119,3640_61,SENS0279,2024-03-26,25_030414,70_13146,0_83,Moderate
FARM0280,East Africa,Soybean,38_7,5_92,18_7,63_77,57_45,4_87,Drip,Mixed,31_01,2024-03-10,2024-06-29,111,5681_54,SENS0280,2024-03-16,12_722191,89_874704,0_4,Moderate
FARM0281,East Africa,Soybean,30_03,6_62,34_33,237_33,58_01,4_22,Manual,Inorganic,21_59,2024-02-27,2024-05-31,94,5033_77,SENS0281,2024-05-07,11_623147,79_416337,0_37,Moderate
FARM0282,Central USA,Soybean,24_48,5_92,19_18,64_55,68_57,9_88,Drip,Inorganic,37_58,2024-03-26,2024-08-08,135,3148_75,SENS0282,2024-06-15,16_491501,81_502854,0_67,Mild
FARM0283,East Africa,Soybean,27_37,6_96,24_95,252_0,84_18,5_4,Manual,Organic,5_07,2024-01-15,2024-05-24,130,5186_93,SENS0283,2024-03-08,29_989109,89_97974,0_55,Moderate
FARM0284,Central USA,Soybean,38_21,5_92,27_81,222_5,52_72,4_41,Manual,Mixed,29_75,2024-01-04,2024-05-16,133,3333_13,SENS0284,2024-04-14,28_109916,82_319867,0_32,Mild
FARM0285,South India,Maize,39_18,7_34,24_58,168_63,41_78,4_81,Sprinkler,Mixed,25_73,2024-03-11,2024-07-08,119,5135_96,SENS0285,2024-05-02,33_194749,71_120446,0_61,Moderate
FARM0286,East Africa,Soybean,10_66,6_65,21_63,279_05,79_79,4_4,Sprinkler,Inorganic,42_83,2024-02-13,2024-06-22,130,4137_09,SENS0286,2024-03-26,24_274541,77_791325,0_66,Moderate
FARM0287,Central USA,Wheat,19_5,5_67,32_54,142_9,81_47,5_82,Manual,Organic,10_05,2024-01-25,2024-05-06,102,5653_42,SENS0287,2024-03-21,22_649867,85_980506,0_84,Mild
FARM0288,South India,Maize,42_33,6_96,25_47,243_88,47_16,9_23,Sprinkler,Organic,37_61,2024-02-13,2024-06-27,135,5459_24,SENS0288,2024-03-13,10_102747,88_646747,0_71,None
FARM0289,Central USA,Cotton,41_12,5_71,30_32,236_39,41_12,8_55,Sprinkler,Inorganic,14_02,2024-02-09,2024-06-12,124,3276_6,SENS0289,2024-04-05,26_778101,75_453084,0_39,None
FARM0290,North India,Soybean,29_59,5_7,25_85,187_34,53_55,9_66,Manual,Mixed,16_02,2024-01-10,2024-05-18,129,5568_97,SENS0290,2024-05-02,11_268155,70_579854,0_84,None
FARM0291,North India,Cotton,11_88,6_35,18_58,199_03,69_64,9_02,None,Mixed,21_0,2024-02-27,2024-06-08,102,4851_59,SENS0291,2024-05-22,30_232496,71_570912,0_85,Severe
FARM0292,East Africa,Rice,13_25,7_1,28_97,74_32,55_52,7_87,None,Inorganic,15_43,2024-01-05,2024-05-29,145,5582_8,SENS0292,2024-03-11,32_82154,77_841538,0_72,Moderate
FARM0293,Central USA,Cotton,27_06,5_63,17_26,169_66,82_29,5_69,Manual,Mixed,30_86,2024-03-04,2024-06-27,115,5270_21,SENS0293,2024-06-13,12_674532,81_122997,0_34,Moderate
FARM0294,East Africa,Cotton,24_03,6_33,27_42,186_99,88_69,6_3,Manual,Organic,41_63,2024-03-14,2024-08-01,140,5920_82,SENS0294,2024-06-09,23_613172,74_723086,0_7,None
FARM0295,East Africa,Cotton,14_0,6_69,21_51,74_41,62_26,5_85,None,Organic,31_92,2024-03-27,2024-08-02,128,5085_37,SENS0295,2024-07-02,18_185206,82_899782,0_34,Mild
FARM0296,South India,Soybean,41_61,6_77,15_0,86_68,47_46,7_19,None,Mixed,31_01,2024-01-07,2024-05-19,133,5509_7,SENS0296,2024-03-23,24_25691,88_264085,0_48,Severe
FARM0297,Central USA,Wheat,30_4,6_72,25_21,261_91,82_63,4_37,Drip,Organic,36_65,2024-02-04,2024-06-28,145,3128_84,SENS0297,2024-02-11,15_881029,84_044438,0_54,Moderate
FARM0298,South USA,Cotton,23_35,6_59,28_25,168_72,49_41,6_31,Manual,Inorganic,11_94,2024-03-05,2024-06-11,98,2046_41,SENS0298,2024-05-26,10_392695,84_426785,0_59,Severe
FARM0299,South India,Wheat,14_8,7_11,32_2,273_4,74_77,9_58,Sprinkler,Inorganic,27_92,2024-03-27,2024-07-23,118,3538_86,SENS0299,2024-04-24,14_644776,82_091465,0_65,Mild
FARM0300,East Africa,Maize,24_38,6_59,22_34,294_56,68_41,8_23,Drip,Mixed,26_67,2024-03-03,2024-06-10,99,4920_74,SENS0300,2024-05-09,34_589477,89_673368,0_77,Severe
FARM0301,East Africa,Wheat,28_32,6_72,19_9,207_67,73_19,8_01,Manual,Mixed,7_37,2024-02-18,2024-07-06,139,2043_13,SENS0301,2024-06-13,22_816578,79_384648,0_74,Severe
FARM0302,Central USA,Maize,20_12,5_57,33_46,237_36,76_35,7_38,Drip,Mixed,26_29,2024-01-19,2024-04-21,93,4625_28,SENS0302,2024-02-25,30_222394,82_48634,0_47,None
FARM0303,South India,Soybean,12_69,7_07,20_04,203_95,53_76,5_54,Drip,Mixed,12_86,2024-03-24,2024-07-01,99,4636_62,SENS0303,2024-05-10,30_196017,75_225052,0_72,Severe
FARM0304,South India,Soybean,40_17,6_19,16_69,86_27,86_7,4_92,None,Inorganic,39_67,2024-01-22,2024-05-19,118,4904_0,SENS0304,2024-02-12,15_271419,84_687222,0_51,Moderate
FARM0305,North India,Wheat,15_87,6_3,21_03,236_54,77_62,7_2,None,Mixed,36_75,2024-02-09,2024-05-18,99,4121_77,SENS0305,2024-04-04,10_296576,88_544451,0_57,Moderate
FARM0306,East Africa,Wheat,13_41,6_56,22_08,261_06,70_52,7_91,Manual,Inorganic,17_16,2024-01-09,2024-05-19,131,4336_71,SENS0306,2024-05-06,29_328775,84_981818,0_74,Mild
FARM0307,East Africa,Maize,33_72,7_49,21_27,52_64,40_42,4_41,None,Organic,28_64,2024-03-15,2024-07-05,112,2877_67,SENS0307,2024-04-20,16_297403,70_680835,0_67,None
FARM0308,East Africa,Rice,43_27,6_78,29_16,79_99,82_82,4_78,Sprinkler,Organic,36_3,2024-02-10,2024-06-08,119,4641_91,SENS0308,2024-02-19,25_969513,88_453908,0_47,Severe
FARM0309,Central USA,Maize,15_67,5_65,30_54,145_7,56_63,4_36,Manual,Organic,24_83,2024-02-07,2024-06-15,129,3570_54,SENS0309,2024-06-11,12_710762,80_812643,0_56,None
FARM0310,South USA,Maize,13_62,5_65,26_43,112_65,62_29,9_38,Sprinkler,Mixed,33_82,2024-01-22,2024-05-15,114,3065_75,SENS0310,2024-04-20,18_245772,77_826607,0_3,Severe
FARM0311,South USA,Cotton,24_14,6_96,31_25,67_52,51_29,6_31,None,Organic,30_53,2024-02-11,2024-06-23,133,3211_31,SENS0311,2024-02-25,25_806813,89_176478,0_35,Moderate
FARM0312,North India,Cotton,36_62,6_08,19_06,188_62,88_38,7_96,Manual,Mixed,22_55,2024-01-21,2024-06-03,134,3437_04,SENS0312,2024-02-11,32_130354,78_759675,0_41,None
FARM0313,South India,Wheat,35_19,6_69,24_78,65_75,67_03,5_85,None,Organic,6_67,2024-01-11,2024-05-30,140,4884_05,SENS0313,2024-04-23,12_954678,86_142074,0_7,Severe
FARM0314,East Africa,Rice,35_94,5_97,16_44,233_86,64_44,4_11,Drip,Organic,36_56,2024-01-01,2024-04-11,101,4530_65,SENS0314,2024-02-09,30_518481,71_945845,0_67,None
FARM0315,North India,Wheat,27_4,7_1,19_41,251_11,61_31,8_87,None,Inorganic,10_44,2024-03-19,2024-07-21,124,2549_32,SENS0315,2024-07-04,34_11731,74_264637,0_33,Mild
FARM0316,Central USA,Wheat,14_23,5_78,23_3,224_07,67_67,6_63,Drip,Organic,9_5,2024-03-20,2024-07-12,114,5110_65,SENS0316,2024-03-22,31_990674,71_614452,0_3,None
FARM0317,East Africa,Maize,24_57,7_11,30_45,223_09,50_31,7_84,None,Inorganic,15_77,2024-01-20,2024-06-02,134,2150_48,SENS0317,2024-03-06,27_929969,82_240996,0_35,Moderate
FARM0318,Central USA,Cotton,10_16,5_97,17_35,182_55,44_78,6_17,Sprinkler,Inorganic,39_66,2024-03-07,2024-06-22,107,2212_28,SENS0318,2024-03-21,29_915324,83_704875,0_88,Severe
FARM0319,South USA,Rice,15_59,7_35,16_08,141_05,50_48,5_51,None,Organic,9_7,2024-01-18,2024-04-28,101,2632_18,SENS0319,2024-01-21,22_126535,72_321302,0_84,Severe
FARM0320,East Africa,Soybean,21_41,5_9,28_54,131_42,78_95,5_96,Drip,Organic,38_2,2024-01-13,2024-06-08,147,2882_65,SENS0320,2024-05-12,24_627306,71_086787,0_56,Mild
FARM0321,East Africa,Cotton,16_23,6_25,24_15,98_54,57_93,5_62,Manual,Organic,6_44,2024-03-02,2024-06-17,107,2546_01,SENS0321,2024-04-30,21_464473,73_424026,0_51,Moderate
FARM0322,East Africa,Rice,37_63,6_78,27_23,92_48,88_51,9_13,Drip,Inorganic,43_56,2024-02-28,2024-06-10,103,4366_32,SENS0322,2024-04-27,16_979272,84_600355,0_74,Mild
FARM0323,South India,Maize,25_2,5_94,33_55,286_56,85_69,9_39,None,Organic,6_8,2024-02-24,2024-07-12,139,4016_87,SENS0323,2024-06-11,23_278043,79_585387,0_78,None
FARM0324,South USA,Cotton,18_42,6_62,15_25,232_95,87_5,4_8,Manual,Organic,34_14,2024-01-01,2024-04-30,120,4676_14,SENS0324,2024-01-21,27_582612,87_158442,0_75,None
FARM0325,South USA,Cotton,37_01,7_25,23_11,247_46,58_52,6_79,Drip,Mixed,8_18,2024-03-11,2024-07-12,123,2130_86,SENS0325,2024-05-04,28_8222,83_9611,0_67,Mild
FARM0326,North India,Soybean,40_83,6_97,16_1,286_33,73_73,9_33,Drip,Inorganic,21_45,2024-03-02,2024-06-23,113,3465_73,SENS0326,2024-05-23,23_969761,71_340118,0_73,Mild
FARM0327,South India,Maize,18_35,5_73,24_57,284_79,69_01,9_75,Sprinkler,Mixed,39_24,2024-02-12,2024-07-08,147,3069_43,SENS0327,2024-05-30,16_928633,71_267384,0_51,Severe
FARM0328,East Africa,Soybean,39_03,6_44,25_64,256_34,84_97,6_71,Manual,Mixed,47_54,2024-01-07,2024-06-02,147,5535_92,SENS0328,2024-01-29,12_00426,87_958917,0_47,None
FARM0329,North India,Rice,19_66,6_89,24_93,268_75,66_03,7_76,Manual,Inorganic,48_63,2024-03-05,2024-07-03,120,3386_8,SENS0329,2024-04-30,28_442731,70_429646,0_41,None
FARM0330,South India,Soybean,32_56,6_32,21_86,211_51,56_32,7_56,None,Inorganic,18_68,2024-01-26,2024-05-14,109,2686_95,SENS0330,2024-02-28,15_669548,77_438046,0_47,None
FARM0331,South India,Maize,19_95,7_41,27_37,90_2,66_77,5_09,Sprinkler,Mixed,36_18,2024-03-26,2024-07-03,99,2645_02,SENS0331,2024-04-09,11_028786,76_332517,0_38,Moderate
FARM0332,Central USA,Rice,17_18,6_91,28_31,294_51,47_4,6_69,Sprinkler,Mixed,18_57,2024-01-13,2024-06-10,149,3997_67,SENS0332,2024-02-19,33_694726,88_556226,0_39,Moderate
FARM0333,Central USA,Cotton,41_36,7_44,30_08,298_52,73_34,8_8,None,Inorganic,36_01,2024-03-16,2024-08-10,147,2160_32,SENS0333,2024-08-04,12_921902,70_495912,0_67,Mild
FARM0334,South USA,Maize,13_24,5_61,27_83,195_86,51_11,9_61,Manual,Organic,6_01,2024-03-28,2024-07-24,118,4708_25,SENS0334,2024-04-08,34_395988,77_888472,0_59,None
FARM0335,Central USA,Cotton,15_18,7_21,22_39,143_21,54_23,6_11,None,Mixed,8_94,2024-03-15,2024-07-30,137,5970_39,SENS0335,2024-07-06,17_21585,86_113456,0_88,Severe
FARM0336,South USA,Rice,39_24,6_7,17_87,125_81,89_42,7_15,Manual,Organic,46_99,2024-03-25,2024-07-17,114,2353_79,SENS0336,2024-05-16,25_97015,75_466577,0_4,Severe
FARM0337,East Africa,Rice,16_97,7_16,20_79,172_65,81_14,5_81,Manual,Inorganic,30_17,2024-02-08,2024-05-09,91,5164_88,SENS0337,2024-02-27,16_566926,89_120532,0_8,Severe
FARM0338,North India,Maize,24_6,6_48,28_76,111_19,45_97,5_66,Drip,Mixed,38_55,2024-03-16,2024-07-20,126,3744_27,SENS0338,2024-04-18,25_699901,79_520814,0_72,None
FARM0339,Central USA,Soybean,35_65,5_54,20_19,195_41,47_31,6_77,Sprinkler,Inorganic,12_35,2024-02-12,2024-06-07,116,4544_99,SENS0339,2024-03-28,11_217873,75_833282,0_68,None
FARM0340,East Africa,Rice,36_83,5_87,16_89,238_16,67_19,9_23,Manual,Inorganic,35_84,2024-03-12,2024-06-16,96,4137_68,SENS0340,2024-04-26,30_58287,70_257953,0_61,Moderate
FARM0341,South USA,Cotton,21_91,7_32,17_05,88_64,51_06,5_13,Drip,Inorganic,25_72,2024-01-04,2024-05-25,142,2524_93,SENS0341,2024-01-08,21_987956,76_231469,0_52,Severe
FARM0342,East Africa,Soybean,36_73,6_18,29_2,57_19,80_73,5_33,Sprinkler,Mixed,15_2,2024-01-07,2024-04-14,98,5924_44,SENS0342,2024-03-01,27_270453,85_680594,0_35,Severe
FARM0343,South USA,Wheat,16_87,5_57,28_2,198_29,63_45,9_45,Drip,Organic,18_57,2024-01-25,2024-04-30,96,5129_48,SENS0343,2024-04-11,15_13503,88_023497,0_41,Moderate
FARM0344,North India,Wheat,15_09,6_99,20_55,194_94,57_61,9_13,Sprinkler,Mixed,30_66,2024-01-27,2024-06-02,127,5052_98,SENS0344,2024-03-22,27_895291,89_285276,0_4,None
FARM0345,North India,Rice,42_22,7_2,24_49,224_53,49_26,8_04,Drip,Organic,42_56,2024-02-14,2024-05-27,103,4057_0,SENS0345,2024-04-06,12_821137,89_692255,0_37,None
FARM0346,East Africa,Rice,27_35,6_22,20_77,230_53,44_11,6_96,None,Inorganic,25_56,2024-03-10,2024-07-21,133,5904_72,SENS0346,2024-07-01,15_646836,78_145644,0_89,Severe
FARM0347,South India,Wheat,41_32,7_1,33_78,141_86,40_64,8_04,Drip,Inorganic,24_71,2024-03-22,2024-06-25,95,2476_87,SENS0347,2024-05-11,20_015607,81_811145,0_36,Mild
FARM0348,North India,Maize,44_13,6_18,26_9,297_67,46_14,9_03,None,Inorganic,39_42,2024-03-19,2024-07-04,107,5025_21,SENS0348,2024-06-29,26_095779,78_004711,0_59,Severe
FARM0349,South USA,Soybean,19_76,7_04,17_16,112_67,64_86,7_77,Sprinkler,Organic,9_48,2024-01-27,2024-04-30,94,3992_54,SENS0349,2024-01-30,34_301814,77_65266,0_71,Mild
FARM0350,Central USA,Soybean,31_81,7_02,28_22,179_99,64_61,6_8,Manual,Mixed,27_41,2024-03-09,2024-07-11,124,3374_46,SENS0350,2024-06-27,23_513225,70_353408,0_76,Severe
FARM0351,North India,Cotton,25_75,7_21,23_85,59_0,48_84,7_96,Manual,Mixed,12_39,2024-02-05,2024-05-24,109,4862_89,SENS0351,2024-04-07,29_100278,81_377104,0_59,Severe
FARM0352,South USA,Soybean,39_9,6_51,22_83,173_67,88_54,7_7,Manual,Inorganic,19_42,2024-01-19,2024-04-20,92,2512_79,SENS0352,2024-03-05,18_72192,84_841143,0_32,Moderate
FARM0353,South USA,Wheat,24_99,7_48,23_24,64_11,52_21,5_41,Manual,Mixed,8_82,2024-03-03,2024-07-26,145,3219_65,SENS0353,2024-05-28,14_244481,80_768336,0_32,Severe
FARM0354,East Africa,Soybean,41_55,6_03,28_92,197_0,89_29,6_27,None,Inorganic,30_76,2024-02-04,2024-06-17,134,4700_45,SENS0354,2024-04-30,22_418285,86_229144,0_7,Mild
FARM0355,East Africa,Maize,22_72,6_37,24_94,261_83,79_36,9_04,Sprinkler,Inorganic,16_93,2024-02-19,2024-06-13,115,5218_41,SENS0355,2024-05-08,28_572201,71_839157,0_81,None
FARM0356,East Africa,Maize,19_57,6_63,25_62,156_78,57_37,4_46,Manual,Mixed,41_19,2024-02-22,2024-06-25,124,3253_41,SENS0356,2024-04-15,20_057524,82_499278,0_57,Mild
FARM0357,North India,Soybean,40_19,6_65,19_26,290_53,77_11,6_8,None,Mixed,37_7,2024-01-17,2024-04-28,102,3457_1,SENS0357,2024-02-04,16_009349,84_92867,0_76,Severe
FARM0358,South USA,Maize,40_11,7_32,27_68,261_49,53_35,5_72,Sprinkler,Inorganic,35_91,2024-01-13,2024-04-27,105,2454_23,SENS0358,2024-02-06,10_692604,85_940895,0_49,Severe
FARM0359,East Africa,Cotton,24_77,7_31,19_04,118_18,41_46,8_74,Manual,Mixed,29_78,2024-03-28,2024-06-28,92,5855_15,SENS0359,2024-05-29,29_555844,71_106545,0_84,Moderate
FARM0360,East Africa,Maize,40_35,7_3,23_14,140_86,72_87,4_54,Sprinkler,Organic,10_04,2024-03-17,2024-08-13,149,2482_57,SENS0360,2024-08-12,33_741863,88_631113,0_45,None
FARM0361,South India,Soybean,14_28,7_11,21_59,196_08,59_5,8_49,Sprinkler,Inorganic,14_81,2024-01-06,2024-04-18,103,5879_69,SENS0361,2024-03-02,20_209389,87_257999,0_33,Moderate
FARM0362,North India,Maize,29_1,6_45,19_93,119_43,79_21,4_87,None,Mixed,21_55,2024-02-01,2024-06-11,131,5867_22,SENS0362,2024-02-09,31_036824,83_244469,0_86,Mild
FARM0363,Central USA,Soybean,23_46,6_78,29_01,275_79,74_26,7_21,Sprinkler,Inorganic,22_48,2024-02-09,2024-05-28,109,2361_0,SENS0363,2024-05-24,28_916698,75_948458,0_82,Mild
FARM0364,South USA,Maize,40_78,7_03,23_13,58_47,83_32,8_94,None,Inorganic,38_16,2024-02-23,2024-06-19,117,5507_04,SENS0364,2024-06-06,12_509889,73_206867,0_46,None
FARM0365,Central USA,Cotton,31_07,7_13,29_76,163_32,41_37,4_31,Sprinkler,Mixed,24_95,2024-03-05,2024-06-03,90,3602_65,SENS0365,2024-05-24,17_638688,81_516187,0_37,Mild
FARM0366,East Africa,Rice,39_64,6_87,30_85,129_85,63_92,8_41,Manual,Organic,35_94,2024-02-26,2024-06-13,108,2794_65,SENS0366,2024-04-19,19_189989,77_869884,0_53,Mild
FARM0367,North India,Wheat,42_31,6_79,27_53,276_71,88_71,5_19,Sprinkler,Organic,23_05,2024-02-20,2024-06-05,106,2597_0,SENS0367,2024-04-07,14_253072,81_344858,0_31,Severe
FARM0368,South USA,Cotton,14_15,6_93,18_81,265_48,79_11,5_73,None,Inorganic,10_86,2024-01-20,2024-05-02,103,5980_83,SENS0368,2024-02-25,28_167702,73_787263,0_41,Mild
FARM0369,North India,Maize,44_16,5_97,24_02,112_08,69_15,7_88,Drip,Organic,26_1,2024-02-23,2024-06-17,115,4747_41,SENS0369,2024-05-24,19_587386,78_465819,0_66,None
FARM0370,North India,Soybean,12_06,6_17,19_7,277_06,89_84,9_64,Drip,Organic,16_41,2024-03-13,2024-06-30,109,5910_1,SENS0370,2024-06-06,19_27253,89_361156,0_64,Mild
FARM0371,Central USA,Rice,27_63,7_36,32_56,82_98,55_87,7_18,Sprinkler,Inorganic,10_26,2024-01-05,2024-05-05,121,5486_72,SENS0371,2024-04-20,17_025016,77_211844,0_56,Moderate
FARM0372,East Africa,Maize,28_09,6_37,18_3,234_22,64_56,9_7,None,Organic,13_5,2024-01-08,2024-04-18,101,2143_45,SENS0372,2024-02-10,14_088874,79_342657,0_37,Severe
FARM0373,North India,Cotton,22_48,6_92,24_7,173_25,82_29,9_2,Drip,Inorganic,9_21,2024-02-06,2024-06-28,143,2673_18,SENS0373,2024-06-15,30_564294,81_264948,0_7,Mild
FARM0374,East Africa,Wheat,28_41,6_64,23_33,69_21,78_41,8_06,Manual,Organic,17_79,2024-03-04,2024-06-27,115,3494_23,SENS0374,2024-03-17,30_92443,73_075509,0_35,Severe
FARM0375,South USA,Maize,30_8,5_51,34_4,214_04,87_54,5_95,Sprinkler,Organic,43_85,2024-03-10,2024-06-28,110,5192_59,SENS0375,2024-06-13,11_768102,89_038004,0_53,Severe
FARM0376,Central USA,Rice,18_4,7_04,22_98,55_13,50_41,6_33,None,Inorganic,34_12,2024-03-05,2024-06-10,97,3194_19,SENS0376,2024-04-29,28_397232,88_433996,0_84,Mild
FARM0377,Central USA,Wheat,39_12,6_53,24_79,271_35,63_82,7_38,None,Organic,39_04,2024-02-20,2024-05-31,101,3736_42,SENS0377,2024-04-14,12_323687,80_266829,0_88,Mild
FARM0378,South India,Cotton,28_45,6_79,16_68,167_05,43_96,8_81,Manual,Organic,49_29,2024-03-10,2024-07-31,143,2994_61,SENS0378,2024-06-27,17_387041,70_954565,0_35,None
FARM0379,East Africa,Wheat,27_87,6_33,24_29,230_08,80_64,6_13,Drip,Mixed,5_73,2024-03-22,2024-07-19,119,2718_21,SENS0379,2024-04-14,31_072746,70_905174,0_55,Moderate
FARM0380,Central USA,Soybean,35_34,7_01,24_0,251_96,57_07,9_51,Sprinkler,Organic,13_33,2024-03-20,2024-07-04,106,5486_46,SENS0380,2024-04-02,20_844973,70_358304,0_54,None
FARM0381,South India,Cotton,26_11,6_31,28_15,236_06,76_3,5_82,Manual,Mixed,35_32,2024-03-22,2024-07-15,115,5218_56,SENS0381,2024-04-02,13_127237,70_277518,0_37,None
FARM0382,South India,Wheat,17_32,6_8,27_99,158_95,71_3,8_74,Sprinkler,Organic,18_54,2024-02-05,2024-06-04,120,3687_52,SENS0382,2024-02-19,14_152637,73_048445,0_72,Severe
FARM0383,South USA,Wheat,40_09,6_67,19_03,192_36,81_69,4_31,Drip,Organic,33_37,2024-03-14,2024-07-08,116,5394_47,SENS0383,2024-06-16,24_466532,84_621571,0_9,None
FARM0384,South USA,Cotton,27_01,6_68,27_23,219_67,80_83,6_93,Drip,Mixed,5_86,2024-03-11,2024-07-14,125,2254_04,SENS0384,2024-07-03,26_207507,87_782812,0_37,Moderate
FARM0385,South USA,Cotton,10_73,6_08,18_84,135_96,51_61,5_32,Manual,Mixed,43_41,2024-03-22,2024-07-19,119,2524_63,SENS0385,2024-04-28,28_074875,77_807425,0_55,Moderate
FARM0386,South USA,Rice,31_76,6_06,29_99,216_76,46_45,5_2,None,Organic,40_71,2024-02-10,2024-05-25,105,2837_73,SENS0386,2024-02-16,34_981531,77_175735,0_46,Mild
FARM0387,South India,Soybean,11_12,5_63,23_61,204_39,46_03,5_34,Manual,Inorganic,40_32,2024-01-25,2024-06-19,146,4228_09,SENS0387,2024-03-03,31_335204,87_473914,0_66,None
FARM0388,North India,Cotton,37_96,7_43,30_12,293_66,79_08,7_66,Drip,Mixed,6_89,2024-01-06,2024-05-15,130,2472_24,SENS0388,2024-02-27,32_774644,73_140651,0_48,Severe
FARM0389,East Africa,Cotton,35_64,5_7,27_94,133_65,46_89,9_09,None,Inorganic,39_61,2024-01-08,2024-05-30,143,5236_58,SENS0389,2024-04-04,17_168957,73_425236,0_46,Severe
FARM0390,Central USA,Rice,15_31,7_01,23_43,107_05,80_09,6_48,None,Inorganic,47_83,2024-03-26,2024-08-06,133,3447_1,SENS0390,2024-04-02,21_064467,85_403037,0_73,None
FARM0391,North India,Maize,21_02,7_46,18_29,65_37,77_96,7_96,Sprinkler,Mixed,7_6,2024-03-23,2024-08-11,141,4641_45,SENS0391,2024-08-03,34_316529,78_386106,0_83,Moderate
FARM0392,Central USA,Maize,10_28,6_06,25_56,280_11,75_01,6_68,Sprinkler,Mixed,33_1,2024-03-21,2024-07-17,118,4789_88,SENS0392,2024-07-12,30_295777,82_97514,0_77,Moderate
FARM0393,North India,Wheat,28_81,6_28,29_38,269_97,66_02,7_24,Sprinkler,Organic,28_03,2024-02-17,2024-06-07,111,5028_19,SENS0393,2024-03-08,10_585544,87_806387,0_62,Moderate
FARM0394,South India,Maize,35_43,7_47,17_21,64_99,58_65,7_76,Manual,Organic,7_15,2024-03-04,2024-06-30,118,3191_84,SENS0394,2024-06-06,10_130335,76_779606,0_44,Mild
FARM0395,Central USA,Maize,19_96,7_07,29_3,218_11,75_72,7_12,Sprinkler,Organic,19_75,2024-03-07,2024-07-27,142,5114_2,SENS0395,2024-07-01,12_449696,84_232808,0_8,None
FARM0396,North India,Wheat,24_87,5_76,19_3,69_52,73_84,6_42,None,Inorganic,31_29,2024-03-14,2024-07-10,118,4756_07,SENS0396,2024-05-15,28_292924,78_338447,0_4,Mild
FARM0397,South USA,Cotton,14_53,6_91,32_27,79_51,50_63,6_84,Sprinkler,Mixed,21_62,2024-01-20,2024-06-12,144,3634_48,SENS0397,2024-02-19,19_239649,75_791812,0_61,None
FARM0398,Central USA,Maize,44_69,6_11,24_72,247_8,47_11,7_54,Drip,Inorganic,45_01,2024-01-06,2024-05-27,142,4958_64,SENS0398,2024-01-06,13_058198,76_972979,0_82,Severe
FARM0399,South USA,Soybean,20_84,6_4,21_76,144_33,81_72,9_0,Sprinkler,Organic,27_71,2024-02-25,2024-06-22,118,4668_88,SENS0399,2024-03-15,31_658639,76_504326,0_78,Severe
FARM0400,South USA,Rice,41_51,6_18,15_92,217_61,62_15,5_66,Drip,Organic,36_82,2024-03-21,2024-08-08,140,5086_38,SENS0400,2024-06-08,24_026109,72_475632,0_64,Mild
FARM0401,East Africa,Soybean,30_19,5_61,26_4,97_35,63_79,9_38,Drip,Mixed,47_13,2024-01-01,2024-04-17,107,5147_03,SENS0401,2024-02-01,30_742264,86_778349,0_65,None
FARM0402,East Africa,Soybean,21_22,6_68,24_83,283_46,57_0,5_08,Drip,Mixed,19_28,2024-02-03,2024-05-10,97,5919_14,SENS0402,2024-04-12,14_2039,72_880685,0_45,None
FARM0403,South India,Maize,43_33,6_86,16_18,290_28,49_07,8_28,Manual,Inorganic,9_44,2024-01-14,2024-06-09,147,3296_87,SENS0403,2024-04-19,33_539438,87_99003,0_33,Mild
FARM0404,East Africa,Soybean,18_28,6_52,25_09,287_34,53_46,5_91,None,Organic,26_79,2024-02-21,2024-06-04,104,5654_94,SENS0404,2024-02-23,16_728993,89_269494,0_71,Mild
FARM0405,East Africa,Rice,20_66,6_31,16_68,208_95,50_17,9_81,Manual,Mixed,49_34,2024-01-18,2024-06-16,150,3695_01,SENS0405,2024-06-08,21_29355,70_020021,0_58,Moderate
FARM0406,South India,Wheat,12_11,7_34,20_47,112_72,74_0,10_0,Sprinkler,Mixed,42_83,2024-02-02,2024-05-12,100,4956_73,SENS0406,2024-04-14,11_74838,71_794302,0_72,Mild
FARM0407,East Africa,Maize,40_74,5_92,25_1,250_51,84_2,9_67,Manual,Mixed,25_37,2024-01-22,2024-05-11,110,3366_52,SENS0407,2024-03-20,33_974817,76_569145,0_85,Mild
FARM0408,North India,Soybean,26_68,7_3,28_45,153_29,84_76,8_22,None,Mixed,8_65,2024-03-21,2024-06-23,94,4154_6,SENS0408,2024-06-14,21_129419,72_468312,0_88,Severe
FARM0409,East Africa,Maize,23_54,7_18,31_24,295_95,46_24,6_22,Sprinkler,Inorganic,5_42,2024-03-01,2024-07-17,138,3124_54,SENS0409,2024-05-31,14_787792,86_325616,0_68,Mild
FARM0410,South India,Cotton,43_86,5_57,24_86,226_01,70_3,4_04,None,Organic,44_15,2024-03-17,2024-07-16,121,2681_91,SENS0410,2024-04-10,26_495961,81_314141,0_71,Mild
FARM0411,North India,Soybean,14_49,5_63,20_19,192_48,51_4,7_14,Manual,Organic,43_15,2024-01-23,2024-06-04,133,4131_77,SENS0411,2024-03-27,27_017009,87_662039,0_3,Severe
FARM0412,North India,Maize,25_14,7_49,20_48,220_04,63_33,6_17,Drip,Mixed,15_1,2024-02-14,2024-06-17,124,3795_45,SENS0412,2024-02-14,19_796472,76_694116,0_83,None
FARM0413,South India,Cotton,43_52,7_33,18_94,132_31,43_14,7_75,Drip,Inorganic,24_44,2024-01-19,2024-06-08,141,4505_19,SENS0413,2024-04-13,31_01269,74_943071,0_58,Moderate
FARM0414,North India,Maize,28_19,5_97,16_46,199_99,61_93,4_57,None,Mixed,10_62,2024-01-02,2024-04-25,114,3253_12,SENS0414,2024-04-19,27_334092,85_652925,0_34,Severe
FARM0415,North India,Maize,31_38,6_36,17_04,63_95,42_61,9_1,None,Organic,32_78,2024-02-08,2024-07-02,145,4398_3,SENS0415,2024-02-10,21_335281,79_284182,0_56,None
FARM0416,Central USA,Wheat,25_89,6_16,18_85,75_67,69_76,4_41,Sprinkler,Mixed,10_67,2024-03-09,2024-06-29,112,3684_03,SENS0416,2024-06-09,25_521272,73_718468,0_38,None
FARM0417,North India,Rice,20_91,6_37,34_19,238_59,55_56,9_31,Sprinkler,Organic,26_13,2024-03-11,2024-06-27,108,3475_32,SENS0417,2024-03-12,22_942015,83_153536,0_39,Mild
FARM0418,East Africa,Soybean,40_05,6_34,18_91,100_09,85_43,8_71,Manual,Organic,35_05,2024-03-23,2024-07-20,119,4399_05,SENS0418,2024-05-04,31_300217,81_321938,0_5,Moderate
FARM0419,South USA,Maize,15_68,6_41,30_78,60_55,50_97,4_02,Sprinkler,Mixed,15_36,2024-03-07,2024-06-20,105,3922_98,SENS0419,2024-06-13,33_814706,76_630302,0_74,Mild
FARM0420,South USA,Rice,38_91,5_51,15_2,139_47,67_73,4_85,None,Organic,33_41,2024-02-02,2024-05-03,91,2796_49,SENS0420,2024-03-09,14_353665,87_707645,0_73,Moderate
FARM0421,East Africa,Rice,16_25,5_54,31_86,277_66,41_05,8_06,None,Mixed,40_43,2024-01-11,2024-06-08,149,2840_95,SENS0421,2024-05-06,16_003748,86_189755,0_7,Severe
FARM0422,North India,Wheat,15_06,7_35,30_9,97_92,58_91,6_25,None,Mixed,16_0,2024-01-25,2024-06-02,129,4349_3,SENS0422,2024-04-09,29_739695,76_553612,0_33,Moderate
FARM0423,South India,Soybean,43_89,7_27,19_18,70_35,63_53,7_98,Drip,Organic,27_89,2024-03-25,2024-07-25,122,3497_06,SENS0423,2024-05-30,21_606682,76_436463,0_52,Severe
FARM0424,South USA,Cotton,19_39,6_3,33_42,196_0,41_83,5_32,Sprinkler,Inorganic,43_84,2024-02-07,2024-05-26,109,3700_09,SENS0424,2024-03-26,24_28426,88_709978,0_52,None
FARM0425,South India,Wheat,20_33,6_54,19_6,60_29,65_61,6_02,None,Inorganic,24_46,2024-02-26,2024-06-26,121,3268_08,SENS0425,2024-04-14,10_617955,78_83377,0_46,None
FARM0426,Central USA,Wheat,20_31,6_5,25_93,69_54,53_82,5_37,Drip,Organic,21_21,2024-03-07,2024-06-26,111,2786_59,SENS0426,2024-04-18,16_250591,84_904227,0_76,Moderate
FARM0427,South India,Soybean,44_93,7_5,30_05,234_96,85_62,4_05,Manual,Inorganic,42_0,2024-02-13,2024-07-04,142,4319_82,SENS0427,2024-02-16,21_8001,80_252939,0_76,Mild
FARM0428,South USA,Rice,17_94,7_0,24_49,178_96,79_3,8_55,None,Inorganic,40_64,2024-02-28,2024-06-09,102,3715_17,SENS0428,2024-05-27,20_442197,78_773616,0_81,None
FARM0429,Central USA,Rice,30_21,5_76,33_87,52_42,80_52,9_01,Manual,Organic,23_86,2024-03-25,2024-07-18,115,5051_37,SENS0429,2024-06-21,23_4401,76_52159,0_31,None
FARM0430,South India,Rice,44_2,7_49,26_36,249_79,85_69,7_44,None,Inorganic,14_19,2024-02-03,2024-06-06,124,3545_74,SENS0430,2024-04-03,12_715959,81_3903,0_57,Moderate
FARM0431,North India,Rice,13_65,6_61,15_64,222_26,64_43,5_12,Drip,Inorganic,17_77,2024-01-10,2024-05-21,132,4097_58,SENS0431,2024-05-05,11_43633,80_370634,0_4,Severe
FARM0432,South USA,Rice,44_64,5_76,23_37,235_79,59_45,9_42,Sprinkler,Organic,44_17,2024-02-14,2024-07-05,142,4838_69,SENS0432,2024-06-14,13_969531,81_501828,0_49,Mild
FARM0433,East Africa,Cotton,19_64,5_51,17_85,65_99,59_96,8_85,Manual,Mixed,44_57,2024-02-15,2024-06-20,126,2156_34,SENS0433,2024-02-26,17_197795,87_619881,0_57,Moderate
FARM0434,South USA,Soybean,38_82,7_2,23_3,94_89,70_89,6_59,None,Mixed,13_25,2024-03-04,2024-06-27,115,4794_58,SENS0434,2024-03-09,15_992381,87_410792,0_46,Moderate
FARM0435,North India,Rice,41_81,6_32,30_24,80_31,58_44,8_53,Manual,Inorganic,25_29,2024-02-07,2024-06-08,122,2178_54,SENS0435,2024-02-10,11_829887,83_889714,0_75,Severe
FARM0436,Central USA,Cotton,39_95,6_29,15_21,78_67,85_86,5_96,None,Inorganic,25_76,2024-01-18,2024-05-29,132,2969_17,SENS0436,2024-05-09,13_506394,86_408534,0_8,Mild
FARM0437,North India,Soybean,13_52,6_09,25_69,147_71,43_88,8_58,Manual,Organic,24_83,2024-01-07,2024-05-21,135,2137_78,SENS0437,2024-03-02,21_051454,70_95512,0_68,None
FARM0438,South USA,Maize,25_54,6_7,15_97,144_35,50_09,5_5,Sprinkler,Organic,9_11,2024-02-01,2024-05-01,90,3348_47,SENS0438,2024-02-25,26_998988,71_26343,0_88,None
FARM0439,South India,Rice,11_54,6_53,31_31,130_67,71_34,7_75,None,Inorganic,10_44,2024-01-04,2024-04-25,112,3293_47,SENS0439,2024-01-05,20_053487,76_324804,0_53,Severe
FARM0440,South India,Wheat,33_03,6_06,27_48,60_98,84_27,6_47,None,Organic,37_06,2024-03-06,2024-06-20,106,5836_14,SENS0440,2024-05-21,18_108857,82_617478,0_53,Mild
FARM0441,Central USA,Rice,32_24,7_27,21_36,262_89,64_11,6_01,None,Inorganic,28_0,2024-03-08,2024-07-08,122,4349_87,SENS0441,2024-03-09,15_815148,82_326973,0_84,Moderate
FARM0442,South India,Cotton,36_5,6_74,16_2,143_63,54_83,4_91,Sprinkler,Mixed,6_71,2024-03-20,2024-08-17,150,3774_9,SENS0442,2024-06-12,13_356675,76_350773,0_77,None
FARM0443,East Africa,Cotton,32_68,6_08,15_47,261_73,56_56,5_45,Drip,Mixed,49_48,2024-03-23,2024-08-06,136,2889_78,SENS0443,2024-06-28,23_036798,73_670909,0_68,None
FARM0444,South USA,Wheat,43_38,5_6,34_84,284_57,46_28,5_04,Sprinkler,Organic,27_83,2024-02-24,2024-06-22,119,3245_85,SENS0444,2024-05-26,14_938407,78_480336,0_66,Moderate
FARM0445,Central USA,Soybean,25_69,6_77,20_44,245_32,44_0,9_84,None,Inorganic,12_55,2024-02-14,2024-06-15,122,4437_58,SENS0445,2024-04-09,29_008112,86_392076,0_78,None
FARM0446,South USA,Cotton,39_89,7_02,33_43,198_8,47_64,8_36,Manual,Inorganic,25_86,2024-02-10,2024-06-03,114,4248_57,SENS0446,2024-04-11,11_798491,72_733127,0_58,Mild
FARM0447,South India,Wheat,10_45,6_5,29_51,172_86,86_28,9_64,Manual,Inorganic,27_03,2024-03-19,2024-06-21,94,3635_15,SENS0447,2024-03-23,34_811812,72_48955,0_86,Mild
FARM0448,South India,Cotton,43_5,7_04,30_03,137_14,75_46,7_81,Manual,Mixed,7_6,2024-02-14,2024-06-30,137,2987_17,SENS0448,2024-06-15,10_862689,86_262528,0_68,None
FARM0449,South India,Maize,31_19,7_39,17_95,111_85,68_92,7_98,Sprinkler,Organic,10_25,2024-01-21,2024-06-04,135,5667_53,SENS0449,2024-05-01,27_651744,89_482912,0_35,Mild
FARM0450,South USA,Rice,39_04,6_01,21_04,291_92,72_92,6_3,Manual,Mixed,23_52,2024-03-28,2024-07-01,95,2437_1,SENS0450,2024-06-09,29_417278,76_887856,0_39,Mild
FARM0451,South USA,Maize,10_22,5_84,24_83,74_22,78_69,6_51,None,Mixed,17_98,2024-02-06,2024-05-17,101,3498_61,SENS0451,2024-05-06,13_358302,79_729425,0_6,None
FARM0452,South USA,Soybean,38_5,5_87,16_18,95_68,77_96,5_56,None,Inorganic,33_21,2024-03-04,2024-07-27,145,4545_73,SENS0452,2024-03-24,17_32814,77_554571,0_47,Moderate
FARM0453,North India,Soybean,18_22,6_47,30_21,52_38,53_3,9_73,Drip,Organic,14_5,2024-01-13,2024-05-20,128,4080_3,SENS0453,2024-03-21,33_30321,79_464636,0_5,Severe
FARM0454,Central USA,Maize,33_87,6_19,21_3,109_9,58_06,6_39,Drip,Inorganic,44_29,2024-01-01,2024-04-29,119,5482_17,SENS0454,2024-02-21,28_130505,87_759411,0_38,None
FARM0455,East Africa,Maize,43_29,7_0,19_97,162_98,74_31,9_22,None,Mixed,13_46,2024-03-27,2024-07-15,110,2066_52,SENS0455,2024-05-12,31_835862,89_391952,0_74,Severe
FARM0456,South India,Soybean,26_96,6_98,30_88,137_08,86_95,9_65,None,Mixed,43_57,2024-01-24,2024-05-17,114,3175_45,SENS0456,2024-02-17,27_798549,87_397174,0_83,None
FARM0457,South India,Cotton,37_89,6_1,28_46,187_19,83_74,5_01,None,Organic,26_7,2024-03-08,2024-06-21,105,2846_56,SENS0457,2024-06-12,33_605247,83_99818,0_36,None
FARM0458,South India,Maize,41_59,7_03,19_41,114_41,63_82,9_39,Drip,Mixed,11_11,2024-03-21,2024-08-04,136,3967_84,SENS0458,2024-06-14,31_798515,88_635599,0_76,None
FARM0459,Central USA,Cotton,41_86,6_99,29_5,213_48,79_25,9_8,None,Organic,15_06,2024-01-10,2024-04-14,95,2445_53,SENS0459,2024-02-22,28_51453,88_744213,0_75,None
FARM0460,East Africa,Maize,14_46,6_13,22_6,234_23,55_54,7_54,Sprinkler,Inorganic,49_09,2024-02-25,2024-06-17,113,5190_07,SENS0460,2024-06-05,13_157684,83_274856,0_65,None
FARM0461,South USA,Wheat,28_84,6_42,17_89,285_72,81_86,7_0,None,Organic,32_07,2024-01-24,2024-06-04,132,5396_51,SENS0461,2024-02-01,24_972008,76_177829,0_89,None
FARM0462,Central USA,Soybean,26_74,7_16,24_9,226_04,58_84,9_89,Manual,Organic,42_25,2024-01-28,2024-06-12,136,5737_73,SENS0462,2024-03-25,27_510185,71_051326,0_82,Mild
FARM0463,South USA,Cotton,20_47,7_13,33_25,89_8,41_08,6_35,None,Mixed,26_3,2024-02-25,2024-06-19,115,3564_25,SENS0463,2024-05-02,28_168865,75_647282,0_85,Severe
FARM0464,North India,Rice,21_32,7_08,32_32,63_53,86_73,5_82,Sprinkler,Mixed,11_19,2024-03-16,2024-07-02,108,5588_87,SENS0464,2024-04-11,15_453412,84_96765,0_74,None
FARM0465,Central USA,Soybean,13_57,7_07,32_17,144_14,89_14,8_08,Sprinkler,Organic,9_32,2024-02-06,2024-07-05,150,2209_89,SENS0465,2024-06-16,26_252445,81_867848,0_88,Severe
FARM0466,South India,Wheat,14_16,6_29,21_05,199_04,48_62,8_47,Drip,Inorganic,43_92,2024-03-13,2024-06-28,107,4529_33,SENS0466,2024-05-08,19_183076,72_400008,0_35,Severe
FARM0467,East Africa,Rice,10_81,6_65,26_45,118_43,77_27,8_77,Sprinkler,Inorganic,26_79,2024-03-23,2024-07-18,117,3193_45,SENS0467,2024-04-08,12_486031,71_269966,0_85,Mild
FARM0468,South USA,Wheat,23_78,7_13,30_67,182_52,43_2,9_02,Drip,Organic,48_46,2024-01-06,2024-05-30,145,4396_41,SENS0468,2024-02-21,10_1331,78_944658,0_49,None
FARM0469,South India,Soybean,17_22,5_82,26_25,262_86,41_75,9_88,Manual,Inorganic,48_48,2024-01-14,2024-06-12,150,4632_64,SENS0469,2024-03-17,17_514999,88_924292,0_61,Moderate
FARM0470,East Africa,Cotton,14_89,6_48,21_26,277_7,89_84,7_64,Sprinkler,Mixed,9_46,2024-01-08,2024-04-09,92,2752_29,SENS0470,2024-02-15,31_402129,74_304259,0_38,Mild
FARM0471,East Africa,Maize,19_71,6_96,23_44,187_46,53_03,7_9,Sprinkler,Inorganic,25_52,2024-02-22,2024-06-18,117,5760_8,SENS0471,2024-03-11,23_397608,71_411161,0_74,Mild
FARM0472,Central USA,Soybean,33_01,7_14,27_1,154_92,47_67,9_95,None,Inorganic,6_17,2024-03-08,2024-06-10,94,3080_5,SENS0472,2024-05-15,12_749753,80_967376,0_34,None
FARM0473,Central USA,Maize,37_23,5_79,30_96,118_41,44_9,9_88,Sprinkler,Inorganic,47_83,2024-01-06,2024-05-08,123,4913_31,SENS0473,2024-02-14,24_720676,86_135963,0_36,Moderate
FARM0474,East Africa,Maize,29_3,6_71,32_93,92_69,87_33,6_34,Manual,Mixed,35_5,2024-03-18,2024-07-24,128,5528_08,SENS0474,2024-06-29,21_921547,72_551444,0_31,Mild
FARM0475,South India,Rice,23_26,6_97,16_06,231_35,88_72,8_25,Sprinkler,Mixed,32_39,2024-03-15,2024-06-24,101,3755_84,SENS0475,2024-04-29,29_961722,80_044585,0_47,Severe
FARM0476,East Africa,Rice,20_68,7_22,33_95,151_63,55_64,4_54,Drip,Organic,37_85,2024-01-06,2024-05-11,126,2229_65,SENS0476,2024-04-10,17_146272,88_59178,0_79,None
FARM0477,South USA,Soybean,42_64,5_77,24_96,221_28,73_84,7_19,Drip,Inorganic,5_63,2024-01-27,2024-06-12,137,2029_16,SENS0477,2024-05-14,27_564793,84_993359,0_45,None
FARM0478,East Africa,Cotton,43_76,6_85,32_64,180_88,51_25,4_45,Sprinkler,Mixed,20_9,2024-01-14,2024-05-14,121,3516_38,SENS0478,2024-03-01,34_24321,76_759172,0_71,None
FARM0479,Central USA,Maize,26_91,6_03,15_04,207_79,59_68,9_54,Drip,Inorganic,45_16,2024-02-02,2024-05-24,112,2023_56,SENS0479,2024-03-31,18_213795,77_077855,0_3,Mild
FARM0480,South USA,Maize,10_31,6_36,18_95,182_27,84_93,6_46,None,Organic,12_0,2024-03-09,2024-06-21,104,3882_79,SENS0480,2024-04-25,17_482124,78_566829,0_41,Moderate
FARM0481,North India,Cotton,32_97,6_38,17_8,236_77,40_29,9_3,Sprinkler,Organic,13_53,2024-01-05,2024-04-29,115,3684_22,SENS0481,2024-02-16,32_524945,73_20625,0_42,Severe
FARM0482,Central USA,Wheat,24_74,6_6,31_0,228_58,56_24,8_59,None,Mixed,37_67,2024-03-27,2024-08-16,142,3555_39,SENS0482,2024-04-24,33_941965,85_854259,0_38,Moderate
FARM0483,East Africa,Wheat,36_86,5_97,28_57,135_54,88_82,8_42,None,Inorganic,18_03,2024-02-03,2024-06-20,138,3715_81,SENS0483,2024-03-13,28_231214,73_737205,0_47,None
FARM0484,Central USA,Rice,33_32,6_36,24_48,245_68,45_15,8_38,Sprinkler,Organic,49_66,2024-03-21,2024-07-29,130,2594_9,SENS0484,2024-04-20,13_307395,70_767329,0_89,Mild
FARM0485,South USA,Wheat,31_58,5_68,16_02,151_82,55_32,7_8,Sprinkler,Organic,20_13,2024-02-02,2024-06-03,122,3708_29,SENS0485,2024-02-08,17_60725,75_384922,0_47,Moderate
FARM0486,South USA,Rice,21_19,5_6,15_82,63_03,77_24,5_27,None,Inorganic,45_88,2024-01-14,2024-04-24,101,3009_05,SENS0486,2024-03-16,19_089531,76_087134,0_36,None
FARM0487,East Africa,Rice,21_59,6_98,22_23,244_7,66_44,6_23,Manual,Organic,31_29,2024-01-04,2024-04-11,98,4518_23,SENS0487,2024-03-21,13_008859,81_731229,0_85,Mild
FARM0488,South India,Cotton,42_39,5_65,25_93,135_72,76_27,9_94,Sprinkler,Mixed,37_43,2024-01-05,2024-04-16,102,3672_85,SENS0488,2024-04-05,16_313138,87_541507,0_81,Moderate
FARM0489,Central USA,Cotton,32_05,5_73,23_72,170_71,66_19,9_71,Drip,Organic,31_96,2024-03-05,2024-06-21,108,2181_78,SENS0489,2024-05-16,11_519835,89_44948,0_41,Severe
FARM0490,South USA,Soybean,40_46,7_44,18_31,237_68,59_21,8_68,None,Mixed,17_22,2024-01-01,2024-04-10,100,4287_59,SENS0490,2024-03-16,27_418044,87_5831,0_77,Severe
FARM0491,East Africa,Soybean,19_06,7_2,20_93,117_13,45_96,5_34,Sprinkler,Inorganic,6_76,2024-01-09,2024-06-06,149,2531_89,SENS0491,2024-01-22,26_060328,74_980161,0_79,None
FARM0492,North India,Maize,32_14,7_44,21_49,286_61,84_2,5_58,Sprinkler,Inorganic,45_43,2024-02-11,2024-05-14,93,4503_82,SENS0492,2024-02-12,30_598295,74_385592,0_88,Mild
FARM0493,Central USA,Wheat,28_81,7_46,30_56,245_13,45_32,8_47,None,Mixed,16_58,2024-03-21,2024-07-27,128,4203_51,SENS0493,2024-07-12,15_515976,75_37587,0_65,Severe
FARM0494,South India,Cotton,18_11,6_95,22_37,275_54,44_68,5_09,Sprinkler,Organic,13_5,2024-02-24,2024-06-04,101,4590_26,SENS0494,2024-02-26,17_754006,87_705061,0_79,Mild
FARM0495,North India,Rice,12_52,5_99,33_18,292_6,45_01,7_16,Drip,Mixed,9_49,2024-02-01,2024-05-08,97,5306_25,SENS0495,2024-05-08,30_762928,88_693555,0_38,None
FARM0496,Central USA,Rice,42_85,6_7,30_85,52_35,79_58,7_25,Manual,Mixed,8_82,2024-01-16,2024-06-02,138,4251_4,SENS0496,2024-05-08,30_386623,76_1477,0_59,Mild
FARM0497,North India,Soybean,34_22,6_75,17_46,256_23,45_14,5_78,None,Organic,5_05,2024-01-01,2024-04-14,104,3708_54,SENS0497,2024-01-19,18_832748,75_736924,0_85,Severe
FARM0498,North India,Cotton,15_93,5_72,17_03,288_96,57_87,7_69,Drip,Inorganic,46_55,2024-01-02,2024-05-09,128,2604_41,SENS0498,2024-04-20,23_262016,81_99223,0_71,Mild
FARM0499,Central USA,Soybean,38_61,6_2,17_08,279_06,73_09,9_6,Drip,Organic,43_78,2024-01-25,2024-06-04,131,2586_36,SENS0499,2024-03-02,19_764989,84_426869,0_77,Severe
FARM0500,North India,Wheat,30_22,7_42,20_57,72_61,89_74,5_09,None,Inorganic,19_37,2024-02-16,2024-06-29,134,5891_4,SENS0500,2024-05-11,13_455532,88_880605,0_85,Severe
